English,IPA,Vietnamese,Part of Speech,V2 (Past),V3 (Past Participle),S/ES,Example Sentence,Description,Collocation,Synonyms,Antonyms,CEFR Level,Topic,Quiz Question
hello,h?'lo?,xin chąo,interjection,-,-,-,Hello,A greeting used when meeting someone.,"say hello, hello everyone, hello world","hi, hey, greetings","goodbye, farewell, bye",A1,Greetings & Communication,'Hello' có nghia lą gģ? | A: T?m bi?t | B: Xin chąo | C: C?m on | D: Xin l?i | Šįp įn: B
goodbye,g?d'ba?,t?m bi?t,interjection,-,-,-,Goodbye,A farewell said when leaving or parting.,"say goodbye, wave goodbye, goodbye party","farewell, bye, see you","hello, hi, greetings",A1,Greetings & Communication,T? nąo trįi nghia v?i 'goodbye'? | A: farewell | B: bye | C: hello | D: see you | Šįp įn: C
thank you,?ę?k ju?,c?m on,phrase,-,-,-,Thank you for your help.,An expression of gratitude or appreciation.,"thank you very much, thank you note, thank you for","thanks, many thanks, cheers",—,A1,Greetings & Communication,Khi nąo b?n dłng 'thank you'? | A: Khi g?p ai dó | B: Khi t?m bi?t | C: Khi c?m on ai | D: Khi xin l?i | Šįp įn: C
please,pli?z,vui lņng,interjection,-,-,-,Please sit down.,A polite word used when making a request.,"please help, yes please, please wait","kindly, if you will",—,A1,Greetings & Communication,Ši?n vąo ch? tr?ng: '___ sit down.' | A: Always | B: Never | C: Please | D: Maybe | Šįp įn: C
water,'w??t?r,nu?c,noun,-,-,waters,I drink water every day.,"A clear liquid essential for life, used for drinking and cooking.","drink water, cold water, running water","liquid, H2O, fluid","fire, land, solid",A1,Food & Drink,'Water' thu?c ch? d? nąo? | A: Animals | B: Food & Drink | C: Transport | D: Colors | Šįp įn: B
food,fu?d,th?c an,noun,-,-,foods,This food is delicious.,Any substance eaten to provide nutrition.,"eat food, fast food, healthy food","meal, dish, nourishment","hunger, starvation, fasting",A1,Food & Drink,T? d?ng nghia c?a 'food' lą gģ? | A: drink | B: meal | C: water | D: hunger | Šįp įn: B
house,ha?s,nhą,noun,-,-,houses,I live in a big house.,A building where people live.,"big house, live in a house, house key","home, residence, dwelling","office, workplace, tent",A1,Home & Daily Life,'I live in a big ___.' Ši?n t? thķch h?p: | A: school | B: market | C: house | D: hospital | Šįp įn: C
book,b?k,sįch,noun,-,-,books,I read a good book.,A written or printed work consisting of pages bound together.,"read a book, write a book, open a book","volume, text, publication",—,A1,Education,'Book' có nghia lą gģ? | A: Cįi bąn | B: Quy?n sįch | C: Cāy bśt | D: T? gi?y | Šįp įn: B
eat,i?t,an,verb,ate,eaten,eats,I eat breakfast at 7 AM.,To put food in your mouth and swallow it.,"eat breakfast, eat out, eat well","consume, devour, dine","fast, starve, abstain",A1,Food & Drink,D?ng quį kh? (V2) c?a 'eat' lą gģ? | A: eated | B: eaten | C: ate | D: eating | Šįp įn: C
drink,dr??k,u?ng,verb,drank,drunk,drinks,He drinks coffee every morning.,To take liquid into your mouth and swallow it.,"drink water, drink coffee, cold drink","sip, swallow, consume","fast, abstain, pour",A1,Food & Drink,'He ___ coffee every morning.' Ši?n t?: | A: drinks | B: drink | C: drank | D: drinking | Šįp įn: A
sleep,sli?p,ng?,verb,slept,slept,sleeps,I sleep 8 hours a day.,To rest with your eyes closed in an unconscious state.,"fall asleep, sleep well, deep sleep","rest, slumber, doze","wake, rise, stay awake",A1,Home & Daily Life,T? trįi nghia c?a 'sleep' lą gģ? | A: rest | B: slumber | C: doze | D: wake | Šįp įn: D
work,w??rk,ląm vi?c,verb,worked,worked,works,I work at an office.,To do a job or task that requires effort.,"go to work, hard work, work out","labor, toil, operate","rest, play, relax",A2,Work & Money,'Work' có th? du?c thay b?ng t? nąo? | A: play | B: rest | C: labor | D: sleep | Šįp įn: C
happy,'hępi,vui,adjective,-,-,-,I am happy today.,Feeling or showing pleasure and contentment.,"feel happy, happy birthday, very happy","joyful, cheerful, glad","sad, unhappy, miserable",A1,Thinking & Feelings,T? d?ng nghia c?a 'happy' lą gģ? | A: sad | B: joyful | C: tired | D: angry | Šįp įn: B
sad,sęd,bu?n,adjective,-,-,-,She looks sad.,Feeling sorrow or unhappiness.,"feel sad, look sad, very sad","unhappy, sorrowful, gloomy","happy, joyful, cheerful",A1,Thinking & Feelings,T? trįi nghia c?a 'sad' lą gģ? | A: unhappy | B: gloomy | C: happy | D: sorrowful | Šįp įn: C
big,b?g,l?n,adjective,-,-,-,That is a big house.,Large in size or amount.,"big house, big deal, big difference","large, huge, great","small, tiny, little",A1,Descriptive Words,'Big' có nghia lą gģ? | A: Nh? | B: Nhanh | C: L?n | D: Cao | Šįp įn: C
small,sm??l,nh?,adjective,-,-,-,The cat is small.,Little in size or amount.,"small town, small business, small change","tiny, little, minor","big, large, huge",A1,Descriptive Words,T? trįi nghia c?a 'small' lą gģ? | A: tiny | B: little | C: huge | D: minor | Šįp įn: C
beautiful,'bju?t?fl,d?p,adjective,-,-,-,This flower is beautiful.,"Pleasing to the senses, especially the eyes.","beautiful woman, beautiful day, look beautiful","pretty, lovely, gorgeous","ugly, plain, unattractive",A2,Descriptive Words,'She is very ___.' T? nąo phł h?p nh?t? | A: ugly | B: beautiful | C: dirty | D: heavy | Šįp įn: B
good,g?d,t?t,adjective,-,-,-,This is a good book.,Of high quality or a satisfactory standard.,"good job, feel good, good luck","great, excellent, fine","bad, poor, terrible",A1,Descriptive Words,T? trįi nghia c?a 'good' lą gģ? | A: great | B: fine | C: excellent | D: bad | Šįp įn: D
mother,'m?š?r,m?,noun,-,-,mothers,My mother is a teacher.,A woman who has given birth to a child.,"dear mother, mother tongue, single mother","mom, mum, parent","father, dad, child",A1,Family & Relationships,'Mother' có nghia lą gģ? | A: Cha | B: Anh trai | C: M? | D: Ch? gįi | Šįp įn: C
friend,frend,b?n,noun,-,-,friends,He is my best friend.,A person you know well and like.,"best friend, old friend, make friends","pal, buddy, companion","enemy, foe, stranger",A1,Family & Relationships,T? trįi nghia c?a 'friend' lą gģ? | A: pal | B: buddy | C: companion | D: enemy | Šįp įn: D
love,l?v,yźu thķch,verb,loved,loved,loves,I love my family.,A deep feeling of affection for someone.,"fall in love, love story, true love","adore, cherish, care for","hate, dislike, loathe",A1,Family & Relationships,'Fall in ___' — di?n t?: | A: like | B: hate | C: love | D: work | Šįp įn: C
hate,he?t,ghét,verb,hated,hated,hates,I hate spiders.,To feel strong dislike or hostility.,"hate crime, I hate, love and hate","dislike, loathe, despise","love, adore, cherish",A2,Family & Relationships,'Hate' có nghia lą gģ? | A: Yźu thķch | B: Ghét | C: Thķch | D: Mu?n | Šįp įn: B
like,la?k,thķch,verb,liked,liked,likes,I like ice cream.,To find something enjoyable or satisfactory.,"like very much, feel like, look like","enjoy, appreciate, fancy","dislike, hate, loathe",A1,Family & Relationships,T? d?ng nghia c?a 'like' lą gģ? | A: hate | B: enjoy | C: dislike | D: avoid | Šįp įn: B
family,'fęm?li,gia dģnh,noun,-,-,families,My family is large.,A group of people related by blood or marriage.,"family member, close family, start a family","relatives, household, kin","strangers, outsiders",A1,Family & Relationships,'Family' thu?c ch? d? nąo? | A: Animals | B: Food & Drink | C: Family & Relationships | D: Transport | Šįp įn: C
school,sku?l,tru?ng h?c,noun,-,-,schools,I go to school every day.,A place where children are taught.,"go to school, school day, high school","academy, institution, college","home, workplace",A1,Education,'I go to ___ every day.' Ši?n t?: | A: hospital | B: market | C: beach | D: school | Šįp įn: D
teacher,'ti?t??r,giįo viźn,noun,-,-,teachers,My teacher is very kind.,A person who educates others.,"math teacher, good teacher, school teacher","instructor, educator, tutor","student, pupil, learner",A1,Education,T? trįi nghia c?a 'teacher' lą gģ? | A: instructor | B: educator | C: student | D: tutor | Šįp įn: C
student,'stju?d?nt,h?c sinh,noun,-,-,students,She is a good student.,A person who is studying at a school.,"hard-working student, student life, university student","pupil, learner, scholar","teacher, instructor, tutor",A1,Education,'Student' có nghia lą gģ? | A: Giįo viźn | B: Bįc si | C: H?c sinh | D: B?n bč | Šįp įn: C
doctor,'d??kt?r,bįc si,noun,-,-,doctors,The doctor examined me.,A person trained to treat illness and injury.,"see a doctor, family doctor, medical doctor","physician, medic, specialist","patient, sick person",A1,Health & Body,'See a ___' — di?n t? phł h?p: | A: teacher | B: student | C: doctor | D: friend | Šįp įn: C
hospital,'h??sp?tl,b?nh vi?n,noun,-,-,hospitals,He works in a hospital.,A place where sick people are treated.,"go to hospital, hospital room, local hospital","clinic, medical centre, ward","home, office",A2,Health & Body,'Hospital' có nghia lą gģ? | A: Tru?ng h?c | B: B?nh vi?n | C: Ch? | D: Van phņng | Šįp įn: B
music,'mju?z?k,ām nh?c,noun,-,-,musics,I love listening to music.,Sounds arranged in patterns to be pleasing to hear.,"listen to music, pop music, live music","melody, tune, harmony","silence, noise, quiet",A2,Entertainment & Leisure,'Listen to ___' — di?n t?: | A: food | B: music | C: house | D: money | Šįp įn: B
song,s???,bąi hįt,noun,-,-,songs,This is my favorite song.,A piece of music with words.,"sing a song, love song, pop song","melody, track, tune","silence, noise",A1,Entertainment & Leisure,'Song' có nghia lą gģ? | A: Ši?u nh?y | B: Bąi hįt | C: Ām nh?c | D: Nh?c c? | Šįp įn: B
dance,dęns,nh?y,verb,danced,danced,dances,Let's dance together.,To move your body rhythmically to music.,"dance class, slow dance, dance music","move, sway, groove","stand still, freeze",A2,Entertainment & Leisure,'Dance' có nghia lą gģ? | A: Hįt | B: Choi | C: Nh?y mśa | D: Ch?y | Šįp įn: C
play,ple?,choi,verb,played,played,plays,We play football on weekends.,To take part in an activity for fun.,"play games, play music, outdoor play","have fun, enjoy, recreate","work, study, rest",A1,Entertainment & Leisure,T? trįi nghia c?a 'play' lą gģ? | A: run | B: jump | C: work | D: sing | Šįp įn: C
run,r?n,ch?y,verb,ran,run,runs,He runs very fast.,To move quickly on foot.,"run fast, go for a run, run away","sprint, jog, dash","walk, stop, stand still",A1,Actions & Movement,D?ng V2 c?a 'run' lą gģ? | A: runned | B: ran | C: run | D: runs | Šįp įn: B
walk,w??k,di b?,verb,walked,walked,walks,Let's walk in the park.,To move at a regular pace on foot.,"take a walk, walk slowly, walk away","stroll, march, stride","run, sprint, stop",A1,Actions & Movement,'Take a ___' — di?n t?: | A: run | B: jump | C: walk | D: sit | Šįp įn: C
jump,d??mp,nh?y,verb,jumped,jumped,jumps,The children jump on the bed.,To push yourself off the ground into the air.,"jump high, jump over, long jump","leap, hop, spring","land, drop, fall",A2,Actions & Movement,'Jump' có nghia lą gģ? | A: Ng?i | B: Nh?y lźn | C: Š?ng | D: Ši b? | Šįp įn: B
sit,s?t,ng?i,verb,sat,sat,sits,Please sit down.,To rest with your body supported on a seat.,"sit down, sit still, sit next to","rest, settle, perch","stand, rise, get up",A1,Actions & Movement,T? trįi nghia c?a 'sit' lą gģ? | A: rest | B: perch | C: settle | D: stand | Šįp įn: D
stand,stęnd,d?ng,verb,stood,stood,stands,Stand up straight.,To be upright on your feet.,"stand up, stand still, stand by","rise, get up, remain upright","sit, lie down, fall",A1,Actions & Movement,'Stand up' có nghia lą gģ? | A: Ng?i xu?ng | B: Š?ng d?y | C: N?m xu?ng | D: Ch?y di | Šįp įn: B
ride,ra?d,di xe,verb,rode,ridden,rides,I ride a bicycle.,To travel on an animal or vehicle.,"ride a bike, ride a horse, bike ride","travel, drive, cycle","walk, run on foot",A2,Actions & Movement,'Ride a ___' — t? nąo phł h?p? | A: table | B: book | C: bike | D: house | Šįp įn: C
car,k??r,ō tō,noun,-,-,cars,I have a new car.,A road vehicle with four wheels and a motor.,"drive a car, car park, sports car","vehicle, automobile, motor","bike, pedestrian, foot",A1,Transport & Travel,'Drive a ___' — di?n t?: | A: bike | B: car | C: train | D: bus | Šįp įn: B
bike,ba?k,xe d?p,noun,-,-,bikes,He rides his bike to school.,A two-wheeled vehicle powered by pedals.,"ride a bike, mountain bike, bike lane","bicycle, cycle, two-wheeler","car, bus, walking",A2,Transport & Travel,'Bike' có nghia lą gģ? | A: Ō tō | B: Xe d?p | C: Xe bus | D: Tąu h?a | Šįp įn: B
tree,tri?,cāy,noun,-,-,trees,There's a big tree in the garden.,A tall plant with a trunk and branches.,"climb a tree, tree house, family tree","plant, timber, bush","desert, wasteland",A1,Nature & Weather,'Tree' có nghia lą gģ? | A: Bōng hoa | B: Cāy c? | C: Cāy g?/cāy xanh | D: Lį cāy | Šįp įn: C
flower,'fla??r,hoa,noun,-,-,flowers,These flowers are beautiful.,The colourful part of a plant that blooms.,"pick flowers, wild flower, flower shop","bloom, blossom, petal","weed, thorn, bramble",A1,Nature & Weather,'Flower' có nghia lą gģ? | A: Cāy xanh | B: Bōng hoa | C: Lį cāy | D: Qu? | Šįp įn: B
sun,s?n,m?t tr?i,noun,-,-,suns,The sun is bright today.,"The star that the Earth orbits, providing light and heat.","bright sun, sunshine, under the sun","sunshine, star, daylight","moon, night, darkness",A1,Nature & Weather,T? trįi nghia c?a 'sun' (nghia bóng) lą gģ? | A: star | B: daylight | C: moon | D: sky | Šįp įn: C
moon,mu?n,m?t trang,noun,-,-,moons,The moon is full tonight.,The natural satellite that orbits the Earth.,"full moon, moonlight, crescent moon","lunar, crescent, satellite","sun, daylight, star",A1,Nature & Weather,'Full ___' — di?n t?: | A: sun | B: star | C: sky | D: moon | Šįp įn: D
star,st??r,sao,noun,-,-,stars,The stars are shining in the sky.,A bright point of light seen in the night sky.,"bright star, shooting star, star sign","celestial body, twinkle, sun","darkness, blackout",A1,Nature & Weather,'Star' có nghia lą gģ? | A: M?t trang | B: B?u tr?i | C: Ngōi sao | D: Šįm māy | Šįp įn: C
sky,ska?,b?u tr?i,noun,-,-,skies,The sky is blue today.,The space above the Earth that you see when you look up.,"blue sky, clear sky, sky high","heaven, atmosphere, air","ground, earth, floor",A1,Nature & Weather,'Blue ___' — di?n t?: | A: cloud | B: rain | C: sky | D: wind | Šįp įn: C
cloud,kla?d,māy,noun,-,-,clouds,There are clouds in the sky.,A white or grey mass of water vapour in the sky.,"dark cloud, cloud cover, rain cloud","mist, fog, vapor","clear sky, sunshine, blue sky",B1,Nature & Weather,'Dark ___' — di?n t? phł h?p: | A: sun | B: cloud | C: star | D: moon | Šįp įn: B
rain,re?n,mua,noun,-,-,rains,It's raining outside.,Water drops that fall from the sky.,"heavy rain, rain shower, rain coat","shower, drizzle, downpour","sunshine, drought, dry spell",A1,Nature & Weather,'Heavy ___' — di?n t?: | A: snow | B: wind | C: rain | D: fire | Šįp įn: C
snow,sno?,tuy?t,noun,-,-,snows,The snow is white and cold.,White frozen water that falls from the sky.,"heavy snow, snowfall, snow white","frost, sleet, blizzard","sunshine, heat, warm weather",A2,Nature & Weather,'Snow' có nghia lą gģ? | A: Mua | B: Gió | C: Tuy?t | D: L?a | Šįp įn: C
fire,'fa??r,l?a,noun,-,-,fires,Don't play with fire.,The heat and light produced by burning.,"catch fire, open fire, fire station","flame, blaze, inferno","water, ice, cold",A2,Nature & Weather,T? trįi nghia c?a 'fire' lą gģ? | A: flame | B: blaze | C: water | D: inferno | Šįp įn: C
ice,a?s,dį,noun,-,-,ices,I like ice cream.,Frozen water in a solid state.,"ice cold, ice cream, black ice","frost, glacier, frozen water","fire, heat, steam",B1,Nature & Weather,'Ice' có nghia lą gģ? | A: Nu?c | B: Tuy?t | C: L?a | D: Bang/dį l?nh | Šįp įn: D
wind,w?nd,gió,noun,-,-,winds,The wind is very strong today.,"Moving air, especially outdoors.","strong wind, wind blow, cold wind","breeze, gust, gale","calm, stillness, silence",A2,Nature & Weather,'Strong ___' — di?n t?: | A: rain | B: cloud | C: wind | D: fire | Šįp įn: C
mountain,'ma?nt?n,nśi,noun,-,-,mountains,I love climbing mountains.,A large natural elevation of land.,"climb a mountain, mountain top, mountain range","peak, hill, summit","valley, plain, lowland",B1,Nature & Weather,'Climb a ___' — di?n t?: | A: river | B: sea | C: beach | D: mountain | Šįp įn: D
river,'r?v?r,sōng,noun,-,-,rivers,The river flows to the sea.,A large natural stream of water.,"cross a river, river bank, deep river","stream, creek, waterway","desert, land, dry land",B1,Nature & Weather,'River' có nghia lą gģ? | A: Bi?n | B: Sōng | C: Nśi | D: H? | Šįp įn: B
sea,si?,bi?n,noun,-,-,seas,I want to go to the sea.,The large body of salty water.,"by the sea, sea level, deep sea","ocean, water, bay","land, desert, ground",A2,Nature & Weather,T? d?ng nghia c?a 'sea' lą gģ? | A: river | B: ocean | C: mountain | D: land | Šįp įn: B
beach,bi?t?,bći bi?n,noun,-,-,beaches,Let's go to the beach.,A sandy or pebbly area by the sea.,"sandy beach, beach holiday, beach house","shore, coast, seaside","inland, mountain, desert",A2,Nature & Weather,'Sandy ___' — di?n t?: | A: mountain | B: river | C: beach | D: city | Šįp įn: C
city,'s?ti,thąnh ph?,noun,-,-,cities,I live in a big city.,A large town with many people.,"big city, city centre, capital city","town, metropolis, urban area","village, countryside, rural area",A2,City & Places,T? trįi nghia c?a 'city' lą gģ? | A: town | B: metropolis | C: village | D: capital | Šįp įn: C
country,'k?ntri,nu?c,noun,-,-,countries,Which country do you live in.,A nation with its own government and territory.,"home country, country side, developing country","nation, state, land","city, town, capital",A2,City & Places,'Home ___' — di?n t?: | A: city | B: country | C: town | D: street | Šįp įn: B
money,'m?ni,ti?n,noun,-,-,moneys,How much money do you have.,Coins and notes used to buy things.,"spend money, save money, earn money","cash, funds, currency","debt, poverty, loss",A2,Work & Money,'Save ___' — di?n t?: | A: time | B: money | C: food | D: water | Šįp įn: B
time,ta?m,th?i gian,noun,-,-,times,What time is it.,The measured sequence of events.,"free time, on time, spend time","moment, period, duration","eternity, timelessness",A1,Numbers & Time,'Free ___' — di?n t?: | A: money | B: day | C: time | D: week | Šįp įn: C
hour,'a??r,gi?,noun,-,-,hours,I wait for one hour.,A period of 60 minutes.,"one hour, half an hour, rush hour","period, sixty minutes, unit","second, instant, moment",A1,Numbers & Time,'Half an ___' — di?n t?: | A: day | B: minute | C: year | D: hour | Šįp įn: D
day,de?,ngąy,noun,-,-,days,Today is a beautiful day.,A 24-hour period from midnight to midnight.,"every day, day off, working day","daytime, period, date","night, darkness, evening",A1,Numbers & Time,T? trįi nghia c?a 'day' lą gģ? | A: morning | B: afternoon | C: night | D: hour | Šįp įn: C
night,na?t,dźm,noun,-,-,nights,The night is quiet.,The time between sunset and sunrise.,"last night, stay up at night, night time","evening, darkness, midnight","day, morning, daylight",A1,Numbers & Time,'Stay up at ___' — di?n t?: | A: morning | B: day | C: afternoon | D: night | Šįp įn: D
morning,'m??rn??,sįng,noun,-,-,mornings,I wake up in the morning.,The part of the day from dawn to noon.,"early morning, good morning, morning routine","dawn, daybreak, early day","night, evening, midnight",A1,Numbers & Time,'Good ___' — di?n t?: | A: night | B: morning | C: day | D: afternoon | Šįp įn: B
afternoon,?ęft?r'nu?n,chi?u,noun,-,-,afternoons,We meet in the afternoon.,The time between noon and evening.,"late afternoon, afternoon break, this afternoon","midday, post-noon, daytime","morning, night, evening",A2,Numbers & Time,'Afternoon' có nghia lą gģ? | A: Bu?i sįng | B: Bu?i t?i | C: Bu?i chi?u | D: Ban dźm | Šįp įn: C
red,red,d?,adjective,-,-,-,The apple is red.,The colour of blood or a ripe tomato.,"bright red, red light, red rose","scarlet, crimson, ruby","blue, green, cold colour",A1,Colors,'Red rose' — 'red' có nghia lą gģ? | A: Xanh lį | B: Xanh duong | C: Vąng | D: Š? | Šįp įn: D
blue,blu?,xanh da tr?i,adjective,-,-,-,The sky is blue.,The colour of a clear sky.,"deep blue, blue eyes, sky blue","azure, navy, cobalt","red, warm colour, orange",A1,Colors,'Blue ___' — t? nąo phł h?p? | A: fire | B: sky | C: flower | D: grass | Šįp įn: B
green,gri?n,xanh lį,adjective,-,-,-,The grass is green.,The colour of grass and leaves.,"light green, green tea, go green","emerald, olive, lime","red, barren, dead",A1,Colors,'Green' có nghia lą gģ? | A: Š? | B: Xanh duong | C: Xanh lį | D: Vąng | Šįp įn: C
apple,'ęp?l,tįo,noun,-,-,apples,I eat an apple every day.,A round fruit with red or green skin.,"red apple, apple juice, apple tree","fruit, produce","vegetable, meat, junk food",A1,Food & Drink,'Apple' thu?c nhóm nąo? | A: Animals | B: Vegetables | C: Food & Drink | D: Colors | Šįp įn: C
dog,d?g,chó,noun,-,-,dogs,My dog is very friendly.,A common domestic animal kept as a pet.,"pet dog, dog walk, guide dog","hound, canine, puppy","cat, feline, bird",A1,Animals,'Dog' có nghia lą gģ? | A: Mčo | B: Chim | C: Cį | D: Chó | Šįp įn: D
cat,kęt,mčo,noun,-,-,cats,The cat is sleeping on the sofa.,"A small domestic animal with fur, kept as a pet.","pet cat, stray cat, cat food","feline, kitten, puss","dog, canine, hound",A1,Animals,T? trįi nghia (d?i l?p loąi) c?a 'cat' lą gģ? | A: kitten | B: feline | C: dog | D: puss | Šįp įn: C
bird,b??rd,chim,noun,-,-,birds,A bird is singing outside.,A feathered animal with wings that can usually fly.,"wild bird, bird song, bird cage","fowl, avian, winged animal","fish, reptile, mammal",A1,Animals,'Bird' có nghia lą gģ? | A: Cį | B: Chim | C: Chó | D: Mčo | Šįp įn: B
fish,f??,cį,noun,-,-,fishes,She has two fish in a bowl.,An animal that lives and breathes in water.,"fresh fish, fish tank, tropical fish","seafood, aquatic animal","bird, land animal, mammal",A1,Animals,'Fish' thu?c ch? d? nąo? | A: Colors | B: Transport | C: Animals | D: Food & Drink | Šįp įn: C
table,'te?b?l,bąn,noun,-,-,tables,Put the cup on the table.,A piece of furniture with a flat top and legs.,"dining table, set the table, table cloth","desk, counter, surface","floor, ground, chair",A1,Home & Daily Life,'Set the ___' — di?n t?: | A: chair | B: door | C: table | D: window | Šįp įn: C
chair,t?er,gh?,noun,-,-,chairs,Please sit on the chair.,A piece of furniture for sitting on.,"sit on a chair, office chair, arm chair","seat, stool, bench","table, floor, standing",A1,Home & Daily Life,'Sit on a ___' — di?n t?: | A: table | B: chair | C: floor | D: door | Šįp įn: B
door,d??r,c?a,noun,-,-,doors,Please close the door.,A movable barrier used to close an entrance.,"open the door, front door, door bell","entrance, gate, hatch","wall, barrier, window",A1,Home & Daily Life,'Open the ___' — di?n t?: | A: window | B: wall | C: door | D: floor | Šįp įn: C
window,'w?ndo?,c?a s?,noun,-,-,windows,"Open the window, please.",An opening in a wall fitted with glass.,"open the window, window sill, bay window","pane, glass panel, opening","wall, door, solid surface",A2,Home & Daily Life,'Window' có nghia lą gģ? | A: Cįnh c?a | B: B?c tu?ng | C: Sąn nhą | D: C?a s? | Šįp įn: D
phone,fo?n,di?n tho?i,noun,-,-,phones,My phone is out of battery.,A device used to make calls and send messages.,"mobile phone, answer the phone, phone call","mobile, handset, device","letter, mail, silence",A1,Technology,'Answer the ___' — di?n t?: | A: door | B: phone | C: book | D: letter | Šįp įn: B
computer,k?m'pju?t?r,mįy tķnh,noun,-,-,computers,She works on a computer all day.,An electronic device for processing data.,"use a computer, laptop computer, computer screen","PC, laptop, device","notebook, pen, paper",A2,Technology,'Computer' thu?c ch? d? nąo? | A: Animals | B: Food & Drink | C: Technology | D: Nature | Šįp įn: C
shirt,???rt,įo so mi,noun,-,-,shirts,He wore a white shirt today.,A garment worn on the upper body.,"wear a shirt, white shirt, shirt collar","top, blouse, garment","trousers, shoes, hat",A2,Clothing & Accessories,'White ___' — di?n t?: | A: shoe | B: bag | C: shirt | D: hat | Šįp įn: C
shoe,?u?,giąy,noun,-,-,shoes,I bought new shoes yesterday.,A covering for the foot.,"wear shoes, sport shoes, shoe size","footwear, boot, sandal","hat, shirt, gloves",A2,Clothing & Accessories,'Wear ___' — t? nąo phł h?p? | A: table | B: door | C: shoes | D: wall | Šįp įn: C
bag,bęg,tśi,noun,-,-,bags,She carries a bag to school.,A flexible container for carrying things.,"carry a bag, hand bag, shopping bag","sack, pouch, pack",—,A2,Clothing & Accessories,'Shopping ___' — di?n t?: | A: pen | B: paper | C: bag | D: shoe | Šįp įn: C
pen,pen,bśt,noun,-,-,pens,Can I borrow your pen?,A writing instrument using ink.,"ballpoint pen, write with a pen, pen cap","pencil, marker, biro","eraser, typewriter",A1,Education,'Write with a ___' — di?n t?: | A: book | B: pen | C: table | D: chair | Šįp įn: B
paper,'pe?p?r,gi?y,noun,-,-,papers,Write your name on the paper.,Thin material used for writing on.,"piece of paper, white paper, newspaper","sheet, document, page","digital, screen, tablet",A1,Education,'A piece of ___' — di?n t?: | A: pen | B: book | C: paper | D: desk | Šįp įn: C
road,ro?d,con du?ng,noun,-,-,roads,The road is very long.,A wide path for vehicles to travel on.,"main road, road trip, dirt road","street, path, highway","building, field, water",A2,Transport & Travel,'Main ___' — di?n t?: | A: bridge | B: road | C: market | D: garden | Šįp įn: B
bridge,br?d?,cāy c?u,noun,-,-,bridges,We crossed the bridge slowly.,A structure built to cross water or a gap.,"cross a bridge, old bridge, suspension bridge","overpass, viaduct, crossing","tunnel, river, gap",B1,Transport & Travel,'Cross a ___' — di?n t?: | A: road | B: garden | C: bridge | D: market | Šįp įn: C
market,'m??rk?t,ch?,noun,-,-,markets,My mother goes to the market every morning.,A place where goods are bought and sold.,"local market, open market, stock market","bazaar, shop, store","forest, home, office",A2,City & Places,'Local ___' — di?n t?: | A: garden | B: road | C: market | D: bridge | Šįp įn: C
garden,'g??rd?n,vu?n,noun,-,-,gardens,There are many flowers in the garden.,An area of land for growing plants.,"flower garden, garden party, kitchen garden","yard, park, green space","desert, wasteland, pavement",A2,Home & Daily Life,'Garden' có nghia lą gģ? | A: Ch? | B: Vu?n | C: Šu?ng ph? | D: C?u | Šįp įn: B
speak,spi?k,nói,verb,spoke,spoken,speaks,She speaks English very well.,To say words out loud to communicate.,"speak English, speak up, speak to someone","talk, say, communicate","listen, be silent, stay quiet",A2,Greetings & Communication,T? d?ng nghia c?a 'speak' lą gģ? | A: listen | B: talk | C: hear | D: silence | Šįp įn: B
write,ra?t,vi?t,verb,wrote,written,writes,He writes a letter every week.,To form letters or words on a surface.,"write a letter, write down, handwriting","compose, record, pen","erase, delete, read",A1,Education,T? trįi nghia c?a 'write' lą gģ? | A: compose | B: record | C: erase | D: pen | Šįp įn: C
read,ri?d,d?c,verb,read,read,reads,She reads books every night.,To look at and understand written text.,"read a book, read aloud, reading habit","study, peruse, browse","write, ignore, skip",A1,Education,'Read a ___' — t? nąo phł h?p? | A: chair | B: door | C: book | D: shoe | Šįp įn: C
listen,'l?s?n,nghe,verb,listened,listened,listens,Please listen carefully.,To pay attention to a sound.,"listen carefully, listen to music, active listening","hear, attend, tune in","ignore, speak, talk",A2,Greetings & Communication,T? trįi nghia c?a 'listen' lą gģ? | A: hear | B: attend | C: speak | D: tune in | Šįp įn: C
cook,k?k,n?u an,verb,cooked,cooked,cooks,My mother cooks dinner every evening.,To prepare food by heating it.,"cook dinner, home cook, cook a meal","prepare, make, bake","eat raw, order out",A2,Food & Drink,'Cook ___' — t? nąo phł h?p? | A: a song | B: dinner | C: a book | D: a letter | Šįp įn: B
clean,kli?n,d?n d?p,verb,cleaned,cleaned,cleans,She cleans the house on weekends.,To remove dirt or make something tidy.,"clean up, spring clean, keep clean","wash, tidy, scrub","dirty, mess, pollute",A2,Home & Daily Life,T? trįi nghia c?a 'clean' (tķnh t?) lą gģ? | A: tidy | B: spotless | C: neat | D: dirty | Šįp įn: D
open,'o?p?n,m?,verb,opened,opened,opens,Please open the door.,To move something so it is no longer closed.,"open a door, wide open, open minded","unlock, uncover, unfasten","close, shut, seal",A1,Home & Daily Life,T? trįi nghia c?a 'open' lą gģ? | A: unlock | B: close | C: uncover | D: reveal | Šįp įn: B
close,klo?z,dóng,verb,closed,closed,closes,She closes the window at night.,To move something to cover an opening.,"close the door, close up, close friend","shut, seal, fasten","open, unlock, uncover",A1,Home & Daily Life,T? trįi nghia c?a 'close' lą gģ? | A: shut | B: seal | C: open | D: fasten | Šįp įn: C
study,'st?di,h?c,verb,studied,studied,studies,He studies hard every day.,To spend time learning about a subject.,"study hard, study abroad, study group","learn, examine, review","ignore, neglect, forget",A2,Education,'Study ___' — t? nąo phł h?p? | A: abroad | B: a car | C: the sea | D: a meal | Šįp įn: A
teach,ti?t?,d?y,verb,taught,taught,teaches,She teaches English at school.,To give someone knowledge or instruction.,"teach English, teach class, teach well","instruct, educate, train","learn, study, follow",A2,Education,T? trįi nghia c?a 'teach' lą gģ? | A: instruct | B: educate | C: learn | D: train | Šįp įn: C
buy,ba?,mua,verb,bought,bought,buys,I buy vegetables at the market.,To obtain something by paying money for it.,"buy online, buy and sell, buy cheap","purchase, acquire, obtain","sell, give away, return",A2,Work & Money,T? trįi nghia c?a 'buy' lą gģ? | A: purchase | B: acquire | C: sell | D: obtain | Šįp įn: C
sell,sel,bįn,verb,sold,sold,sells,He sells fruit every day.,To exchange something for money.,"sell out, sell cheap, sell online","vend, market, trade","buy, purchase, keep",A2,Work & Money,T? trįi nghia c?a 'sell' lą gģ? | A: trade | B: buy | C: vend | D: market | Šįp įn: B
come,k?m,d?n,verb,came,come,comes,She comes to school on time.,To move toward a place or person.,"come back, come in, come here","arrive, approach, reach","go, leave, depart",A1,Actions & Movement,T? trįi nghia c?a 'come' lą gģ? | A: arrive | B: approach | C: go | D: reach | Šįp įn: C
go,go?,di,verb,went,gone,goes,He goes to work by bus.,To move away from or toward a place.,"go home, go out, go abroad","leave, depart, move","come, stay, arrive",A1,Actions & Movement,'___ home' — di?n t?: | A: come | B: arrive | C: go | D: stay | Šįp įn: C
give,g?v,cho,verb,gave,given,gives,She gives money to the poor.,To hand something to another person.,"give away, give back, give a gift","offer, provide, hand over","take, receive, keep",A1,Actions & Movement,T? trįi nghia c?a 'give' lą gģ? | A: offer | B: take | C: provide | D: hand over | Šįp įn: B
take,te?k,l?y,verb,took,taken,takes,He takes the bus to school.,To get hold of and carry something.,"take care, take away, take action","grab, get, receive","give, offer, leave",A1,Actions & Movement,'Take ___' — c?m t? nąo dśng? | A: take care | B: take a flower | C: take a mountain | D: take a school | Šįp įn: A
young,j??,tr?,adjective,-,-,-,She is young and energetic.,"Not old, in an early period of life.","young people, young adult, stay young","youthful, juvenile, new","old, elderly, aged",A1,Descriptive Words,T? trįi nghia c?a 'young' lą gģ? | A: youthful | B: juvenile | C: new | D: old | Šįp įn: D
old,o?ld,gią / cu,adjective,-,-,-,My grandfather is very old.,Having lived for a long time.,"old man, grow old, old fashioned","elderly, aged, ancient","young, youthful, new",A1,Descriptive Words,'Grow ___' — di?n t?: | A: young | B: fast | C: old | D: new | Šįp įn: C
tall,t??l,cao,adjective,-,-,-,He is tall and handsome.,Greater than average in height.,"tall building, very tall, tall person","high, lofty, towering","short, low, small",A2,Descriptive Words,'Tall' có nghia lą gģ? | A: Th?p | B: N?ng | C: Cao | D: R?ng | Šįp įn: C
short,???rt,th?p / ng?n,adjective,-,-,-,She is short but strong.,Less than average in height or length.,"short hair, short story, short time","brief, small, low","tall, long, high",A2,Descriptive Words,T? trįi nghia c?a 'short' lą gģ? | A: brief | B: tall | C: low | D: small | Šįp įn: B
fast,fęst,nhanh,adjective,-,-,-,The car is very fast.,Moving or happening at great speed.,"drive fast, fast food, fast pace","quick, rapid, swift","slow, sluggish, leisurely",A2,Descriptive Words,T? d?ng nghia c?a 'fast' lą gģ? | A: slow | B: quick | C: lazy | D: heavy | Šįp įn: B
slow,slo?,ch?m,adjective,-,-,-,The turtle is slow.,Moving or happening without speed.,"slow down, slow motion, go slow","sluggish, leisurely, gradual","fast, quick, rapid",A2,Descriptive Words,T? trįi nghia c?a 'slow' lą gģ? | A: sluggish | B: leisurely | C: fast | D: gradual | Šįp įn: C
hot,h??t,nóng,adjective,-,-,-,The weather is very hot today.,Having a high temperature.,"hot weather, hot drink, very hot","warm, scorching, burning","cold, cool, freezing",A1,Descriptive Words,T? trįi nghia c?a 'hot' lą gģ? | A: warm | B: scorching | C: cold | D: burning | Šįp įn: C
cold,ko?ld,l?nh,adjective,-,-,-,It is very cold in winter.,Having a low temperature.,"cold weather, cold drink, bitterly cold","cool, freezing, chilly","hot, warm, scorching",A1,Descriptive Words,'Bitterly ___' — di?n t?: | A: hot | B: warm | C: cool | D: cold | Šįp įn: D
easy,'i?zi,d?,adjective,-,-,-,This exercise is easy.,Not difficult or requiring much effort.,"easy task, take it easy, make it easy","simple, straightforward, effortless","difficult, hard, complex",A2,Descriptive Words,T? trįi nghia c?a 'easy' lą gģ? | A: simple | B: effortless | C: difficult | D: straightforward | Šįp įn: C
difficult,'d?f?k?lt,khó,adjective,-,-,-,The test was very difficult.,Requiring much effort or skill.,"very difficult, difficult problem, difficult decision","hard, tough, challenging","easy, simple, effortless",B1,Descriptive Words,T? d?ng nghia c?a 'difficult' lą gģ? | A: easy | B: simple | C: hard | D: effortless | Šįp įn: C
always,'??lwe?z,luōn luōn,adverb,-,-,-,She always arrives on time.,At all times without exception.,"always late, almost always, always ready","forever, constantly, ever","never, rarely, sometimes",A1,Common Words,T? trįi nghia c?a 'always' lą gģ? | A: ever | B: constantly | C: forever | D: never | Šįp įn: D
never,'nev?r,khōng bao gi?,adverb,-,-,-,He never eats junk food.,"At no time, not ever.","never give up, never mind, almost never","not ever, at no time","always, ever, constantly",A1,Common Words,'___ give up' — di?n t?: | A: always | B: never | C: sometimes | D: very | Šįp įn: B
sometimes,'s?mta?mz,dōi khi,adverb,-,-,-,I sometimes go for a walk.,On some occasions but not always.,"sometimes late, come sometimes, every now and sometimes","occasionally, at times, now and then","always, never, constantly",A2,Common Words,'Sometimes' có nghia lą gģ? | A: Luōn luōn | B: Khōng bao gi? | C: Šōi khi | D: R?t | Šįp įn: C
very,'veri,r?t,adverb,-,-,-,She is very kind.,Used to emphasize an adjective or adverb.,"very good, very much, very well","extremely, highly, quite","slightly, somewhat, barely",A1,Common Words,'___ good' — di?n t?: | A: never | B: very | C: always | D: maybe | Šįp įn: B
father,'f??š?r,b?,noun,-,-,fathers,My father works very hard.,A male parent.,"dear father, father figure, single father","dad, papa, parent","mother, mom, child",A1,Family & Relationships,T? trįi nghia c?a 'father' lą gģ? | A: dad | B: papa | C: mother | D: parent | Šįp įn: C
brother,'br?š?r,anh/em trai,noun,-,-,brothers,I have two brothers.,A male sibling.,"older brother, younger brother, brother-in-law","sibling, bro","sister, stranger, enemy",A1,Family & Relationships,'Brother' có nghia lą gģ? | A: Ch? gįi | B: Anh/em trai | C: M? | D: B?n bč | Šįp įn: B
sister,'s?st?r,ch?/em gįi,noun,-,-,sisters,My sister is a nurse.,A female sibling.,"older sister, younger sister, sister-in-law","sibling, sis","brother, stranger, enemy",A1,Family & Relationships,'Sister' có nghia lą gģ? | A: Anh trai | B: B?n gįi | C: Ch?/em gįi | D: M? | Šįp įn: C
child,t?a?ld,d?a tr?,noun,-,-,children,Every child needs love.,A young human being.,"young child, only child, raise a child","kid, youth, minor","adult, parent, grown-up",A1,Family & Relationships,T? trįi nghia c?a 'child' lą gģ? | A: kid | B: youth | C: minor | D: adult | Šįp įn: D
eye,a?,m?t,noun,-,-,eyes,She has beautiful eyes.,The organ used for seeing.,"blue eyes, eye contact, keep an eye","sight, vision, gaze","blindness, darkness",A1,Health & Body,'Eye contact' có nghia lą gģ? | A: Šeo kķnh | B: Giao ti?p b?ng m?t | C: Nh?m m?t | D: Nhģn xu?ng | Šįp įn: B
hand,hęnd,bąn tay,noun,-,-,hands,Wash your hands before eating.,The part of the body at the end of the arm.,"shake hands, hand in hand, wash hands","palm, grip, fist","foot, leg, toe",A1,Health & Body,'Shake ___' — di?n t?: | A: head | B: hand | C: heart | D: hair | Šįp įn: B
head,hed,d?u,noun,-,-,heads,He nodded his head.,The upper part of the body containing the brain.,"shake your head, head first, use your head","mind, brain, skull","foot, tail, bottom",A1,Health & Body,'Use your ___' — di?n t?: | A: hand | B: eye | C: head | D: hair | Šįp įn: C
heart,h??rt,trįi tim,noun,-,-,hearts,Her heart is full of kindness.,The organ that pumps blood around the body.,"broken heart, heart rate, by heart","soul, core, centre","mind, head, exterior",A2,Health & Body,'Broken ___' — di?n t?: | A: head | B: hand | C: hair | D: heart | Šįp įn: D
hair,her,tóc,noun,-,-,-,She has long black hair.,The growth on a person's head.,"long hair, short hair, hair cut","locks, strands, tresses","baldness, skin",A1,Health & Body,'Long ___' — di?n t?: | A: eye | B: hair | C: hand | D: head | Šįp įn: B
rice,ra?s,com / g?o,noun,-,-,-,We eat rice every day.,A grain widely eaten as a staple food.,"cook rice, fried rice, rice bowl","grain, staple food","meat, junk food",A1,Food & Drink,'Fried ___' — di?n t?: | A: bread | B: egg | C: rice | D: milk | Šįp įn: C
bread,bred,bįnh mģ,noun,-,-,-,I have bread for breakfast.,A food made from baked dough.,"fresh bread, slice of bread, bread crumbs","loaf, roll, bun","cake, junk food, vegetables",A1,Food & Drink,'A slice of ___' — di?n t?: | A: milk | B: coffee | C: bread | D: tea | Šįp įn: C
egg,eg,tr?ng,noun,-,-,eggs,She eats two eggs every morning.,"An oval object laid by a bird, used as food.","boiled egg, egg white, crack an egg","roe, ovum",—,A1,Food & Drink,'Boiled ___' — di?n t?: | A: milk | B: rice | C: bread | D: egg | Šįp įn: D
milk,m?lk,s?a,noun,-,-,-,Children should drink milk daily.,"A white liquid produced by cows, used as food.","fresh milk, glass of milk, whole milk","dairy, cream, beverage","juice, water, soda",A1,Food & Drink,'A glass of ___' — di?n t?: | A: bread | B: milk | C: rice | D: egg | Šįp įn: B
coffee,'k?fi,cą phź,noun,-,-,coffees,I drink coffee every morning.,A hot drink made from roasted beans.,"black coffee, coffee cup, morning coffee","espresso, brew, java","tea, juice, water",A2,Food & Drink,'Black ___' — di?n t?: | A: tea | B: milk | C: coffee | D: water | Šįp įn: C
tea,ti?,trą,noun,-,-,teas,Would you like some tea?,A hot drink made from dried leaves.,"green tea, cup of tea, iced tea","brew, herbal drink, infusion","coffee, soda, juice",A2,Food & Drink,'Green ___' — di?n t?: | A: coffee | B: milk | C: water | D: tea | Šįp įn: D
room,ru?m,phņng,noun,-,-,rooms,My room is clean and tidy.,A separate area in a building with walls.,"living room, hotel room, make room","space, chamber, area","hallway, outdoor, exterior",A1,Home & Daily Life,'Living ___' — di?n t?: | A: floor | B: wall | C: room | D: key | Šįp įn: C
floor,fl??r,sąn / t?ng,noun,-,-,floors,Please clean the floor.,The lower surface of a room.,"ground floor, wooden floor, clean the floor","ground, base, surface","ceiling, roof, sky",A2,Home & Daily Life,'Wooden ___' — di?n t?: | A: wall | B: ceiling | C: floor | D: door | Šįp įn: C
wall,w??l,b?c tu?ng,noun,-,-,walls,The walls are painted white.,A vertical surface forming a side of a room.,"brick wall, stone wall, hang on the wall","barrier, partition, fence","door, window, opening",A2,Home & Daily Life,'Brick ___' — di?n t?: | A: floor | B: wall | C: door | D: window | Šįp įn: B
key,ki?,chģa khóa,noun,-,-,keys,I lost my key this morning.,A metal device used to lock or unlock something.,"door key, key ring, house key","solution, answer, code","lock, barrier, problem",A2,Home & Daily Life,'House ___' — di?n t?: | A: door | B: wall | C: key | D: light | Šįp įn: C
light,la?t,įnh sįng / dčn,noun,-,-,lights,Turn off the light before sleeping.,Electromagnetic radiation that allows sight.,"bright light, turn on the light, light bulb","brightness, glow, illumination","dark, shadow, blackout",A2,Descriptive Words,'Turn on the ___' — di?n t?: | A: wall | B: floor | C: key | D: light | Šįp įn: D
airport,'erp??rt,sān bay,noun,-,-,airports,We arrived at the airport early.,A place where aircraft take off and land.,"international airport, airport terminal, arrive at the airport","airfield, terminal, airstrip","seaport, station, bus stop",B1,Transport & Travel,'International ___' — di?n t?: | A: train | B: bus | C: airport | D: ticket | Šįp įn: C
train,tre?n,tąu h?a,noun,-,-,trains,The train arrives at 8 AM.,A vehicle that runs on rails.,"catch a train, train station, high-speed train","rail, locomotive, express","car, bus, plane",A2,Transport & Travel,'Catch a ___' — di?n t?: | A: bus | B: ticket | C: train | D: car | Šįp įn: C
bus,b?s,xe bużt,noun,-,-,buses,I take the bus to work.,A large road vehicle for carrying passengers.,"catch a bus, bus stop, take the bus","coach, minibus, transit","car, bike, train",A2,Transport & Travel,'Bus ___' — c?m t? nąo dśng? | A: bus fly | B: bus stop | C: bus swim | D: bus climb | Šįp įn: B
ticket,'t?k?t,vé,noun,-,-,tickets,I bought two tickets for the concert.,A piece of paper that allows entry or travel.,"buy a ticket, train ticket, ticket office","pass, permit, voucher","barrier, refusal, ban",A2,Transport & Travel,'Buy a ___' — di?n t?: | A: newspaper | B: ticket | C: train | D: bus | Šįp įn: B
newspaper,'nju?zpe?p?r,bįo,noun,-,-,newspapers,My father reads the newspaper every morning.,A daily publication of news and articles.,"read a newspaper, morning newspaper, local newspaper","journal, press, gazette","book, magazine, silence",B1,Work & Money,'Read a ___' — di?n t?: | A: ticket | B: airport | C: newspaper | D: train | Šįp įn: C
help,help,giśp d?,verb,helped,helped,helps,She helps her mother every day.,To assist someone in doing something.,"ask for help, help out, help others","assist, support, aid","hinder, harm, obstruct",A1,Thinking & Feelings,'Ask for ___' — di?n t?: | A: work | B: help | C: money | D: food | Šįp įn: B
call,k??l,g?i di?n,verb,called,called,calls,He calls his friend every night.,To contact someone by phone or speak loudly.,"phone call, call back, emergency call","phone, ring, contact","ignore, silence, avoid",A2,Greetings & Communication,'Phone ___' — di?n t?: | A: send | B: call | C: message | D: letter | Šįp įn: B
think,???k,nghi,verb,thought,thought,thinks,I think this is a good idea.,To use your mind to consider something.,"think about, think twice, think carefully","consider, ponder, reflect","ignore, act without thinking",A1,Thinking & Feelings,'Think ___' — c?m t? nąo dśng? | A: think about | B: think a car | C: think a river | D: think a flower | Šįp įn: A
know,no?,bi?t,verb,knew,known,knows,She knows the answer.,To have information or be aware of something.,"let me know, know well, good to know","understand, realize, be aware","ignore, forget, be unaware",A1,Thinking & Feelings,'Let me ___' — di?n t?: | A: find | B: know | C: tell | D: ask | Šįp įn: B
want,w?nt,mu?n,verb,wanted,wanted,wants,He wants to be a doctor.,To feel a desire or wish for something.,"want to, really want, want more","desire, wish, crave","dislike, reject, refuse",A1,Thinking & Feelings,'___ to go' — di?n t?: | A: need | B: want | C: find | D: send | Šįp įn: B
need,ni?d,c?n,verb,needed,needed,needs,She needs more time to finish.,To require something as necessary.,"need help, urgent need, basic need","require, demand, must have","want, desire, have enough",A1,Thinking & Feelings,"S? khįc bi?t gi?a 'want' vą 'need' lą gģ? | A: Khōng có s? khįc bi?t | B: 'Need' lą c?n thi?t, 'want' lą mong mu?n | C: 'Want' lą c?n thi?t hon | D: C? hai d?u có nghia lą ghét | Šįp įn: B"
try,tra?,c? g?ng,verb,tried,tried,tries,Always try your best.,To make an attempt to do something.,"try again, try hard, give it a try","attempt, endeavour, strive","give up, quit, abandon",A2,Thinking & Feelings,'Give it a ___' — di?n t?: | A: find | B: meet | C: try | D: send | Šįp įn: C
find,fa?nd,tģm,verb,found,found,finds,I can't find my phone.,To discover or locate something.,"find out, find a way, hard to find","discover, locate, uncover","lose, miss, overlook",A2,Thinking & Feelings,'Find ___' — c?m t? nąo dśng? | A: find out | B: find a mountain | C: find a rain | D: find the moon | Šįp įn: A
meet,mi?t,g?p,verb,met,met,meets,We meet every Friday.,To come face to face with someone.,"meet up, first meet, meet again","encounter, greet, gather","avoid, miss, part",A2,Family & Relationships,'Nice to ___ you' — di?n t?: | A: find | B: know | C: meet | D: send | Šįp įn: C
send,send,g?i,verb,sent,sent,sends,She sends an email every morning.,To cause something to go to another place.,"send a message, send email, send back","dispatch, transmit, deliver","receive, get, return",B1,Greetings & Communication,'Send a ___' — t? nąo phł h?p? | A: mountain | B: message | C: flower | D: rain | Šįp įn: B
ask,ęsk,h?i,verb,asked,asked,asks,He always asks good questions.,To put a question or make a request.,"ask for help, ask a question, ask again","inquire, question, request","answer, reply, ignore",A1,Greetings & Communication,T? trįi nghia c?a 'ask' lą gģ? | A: inquire | B: question | C: answer | D: request | Šįp įn: C
answer,'ęns?r,tr? l?i,verb,answered,answered,answers,Please answer the question.,To respond to a question or message.,"give an answer, answer a question, right answer","reply, respond, react","ask, question, query",A2,Greetings & Communication,T? trįi nghia c?a 'answer' lą gģ? | A: reply | B: respond | C: ask | D: react | Šįp įn: C
forget,f?r'get,quźn,verb,forgot,forgotten,forgets,Don't forget to lock the door.,To fail to remember something.,"forget about, forget to do, easily forget","overlook, lose track, blank","remember, recall, retain",A2,Thinking & Feelings,T? trįi nghia c?a 'forget' lą gģ? | A: overlook | B: blank | C: remember | D: miss | Šįp įn: C
remember,r?'memb?r,nh?,verb,remembered,remembered,remembers,I remember his name now.,To recall something from the past.,"remember well, hard to remember, try to remember","recall, recollect, retain","forget, overlook, blank out",A2,Thinking & Feelings,T? d?ng nghia c?a 'remember' lą gģ? | A: forget | B: recall | C: overlook | D: blank out | Šįp įn: B
arrive,?'ra?v,d?n noi,verb,arrived,arrived,arrives,The bus arrives at 7 AM.,To reach a destination.,"arrive on time, arrive late, arrive home","reach, come, get there","leave, depart, go",B1,Transport & Travel,T? trįi nghia c?a 'arrive' lą gģ? | A: reach | B: come | C: depart | D: get there | Šįp įn: C
new,nju?,m?i,adjective,-,-,-,I bought a new phone.,Recently made or not known before.,"brand new, new idea, something new","fresh, modern, recent","old, ancient, outdated",A1,Descriptive Words,T? trįi nghia c?a 'new' lą gģ? | A: fresh | B: modern | C: recent | D: old | Šįp įn: D
free,fri?,mi?n phķ / t? do,adjective,-,-,-,The tickets are free today.,"Not costing anything, or not restricted.","free time, set free, free of charge","available, released, no cost","busy, occupied, paid",A2,Work & Money,'Free of ___' — di?n t?: | A: time | B: charge | C: money | D: work | Šįp įn: B
busy,'b?zi,b?n r?n,adjective,-,-,-,She is always busy with work.,Having a lot of things to do.,"very busy, stay busy, busy schedule","occupied, engaged, active","free, idle, available",A2,Work & Money,T? trįi nghia c?a 'busy' lą gģ? | A: occupied | B: active | C: engaged | D: free | Šįp įn: D
tired,ta??rd,m?t m?i,adjective,-,-,-,I feel very tired after work.,Feeling the need to sleep or rest.,"feel tired, too tired, very tired","exhausted, weary, fatigued","energetic, rested, awake",A2,Health & Body,T? d?ng nghia c?a 'tired' lą gģ? | A: energetic | B: rested | C: exhausted | D: awake | Šįp įn: C
hungry,'h??gri,dói,adjective,-,-,-,I am very hungry right now.,Feeling the need to eat food.,"feel hungry, get hungry, very hungry","starving, famished, peckish","full, satisfied, stuffed",A2,Food & Drink,T? trįi nghia c?a 'hungry' lą gģ? | A: starving | B: famished | C: full | D: peckish | Šįp įn: C
strong,str??,m?nh m?,adjective,-,-,-,He is very strong.,Having great physical power or ability.,"feel strong, strong wind, very strong","powerful, sturdy, tough","weak, frail, fragile",B1,Health & Body,T? trįi nghia c?a 'strong' lą gģ? | A: powerful | B: sturdy | C: tough | D: weak | Šįp įn: D
dark,d??rk,t?i,adjective,-,-,-,It is dark outside at night.,Having little or no light.,"pitch dark, dark room, dark sky","dim, shadowy, gloomy","light, bright, sunny",B1,Colors,T? trįi nghia c?a 'dark' lą gģ? | A: dim | B: shadowy | C: gloomy | D: bright | Šįp įn: D
quiet,'kwa??t,yźn tinh,adjective,-,-,-,The library is very quiet.,Making little or no noise.,"keep quiet, very quiet, quiet place","silent, calm, peaceful","loud, noisy, boisterous",B1,Descriptive Words,T? trįi nghia c?a 'quiet' lą gģ? | A: calm | B: peaceful | C: noisy | D: silent | Šįp įn: C
wrong,r??,sai,adjective,-,-,-,I think your answer is wrong.,Not correct or not intended.,"go wrong, prove wrong, dead wrong","incorrect, mistaken, false","correct, right, accurate",A2,Descriptive Words,T? trįi nghia c?a 'wrong' lą gģ? | A: incorrect | B: mistaken | C: false | D: correct | Šįp įn: D
correct,k?'rekt,dśng,adjective,-,-,-,Your answer is correct.,"Free from error, right.","correct answer, correct mistake, correct way","right, accurate, true","wrong, incorrect, false",A2,Descriptive Words,T? d?ng nghia c?a 'correct' lą gģ? | A: wrong | B: false | C: accurate | D: incorrect | Šįp įn: C
name,ne?m,tźn,noun,-,-,names,My name is Anna.,The word used to identify a person or thing.,"first name, last name, full name","title, label, identity","unknown, nameless",A1,Common Words,'First ___' — di?n t?: | A: number | B: name | C: color | D: word | Šįp įn: B
number,'n?mb?r,s?,noun,-,-,numbers,What is your phone number?,A symbol or word that represents a quantity.,"phone number, lucky number, number one","digit, figure, amount","letter, word",A1,Numbers & Time,'Phone ___' — di?n t?: | A: name | B: color | C: number | D: size | Šįp įn: C
color,'k?l?r,mąu s?c,noun,-,-,colors,What is your favorite color?,The visual appearance of something based on light.,"bright color, dark color, favorite color","shade, hue, tone","black and white, colorless",A1,Colors,'Bright ___' — di?n t?: | A: size | B: age | C: color | D: word | Šįp įn: C
street,stri?t,du?ng ph?,noun,-,-,streets,She lives on a quiet street.,A public road in a town or city.,"main street, busy street, walk the street","road, avenue, lane","highway, field",A1,City & Places,'Main ___' — di?n t?: | A: shop | B: street | C: hotel | D: office | Šįp įn: B
shop,??p,c?a hąng,noun,-,-,shops,I go to the shop every morning.,A place where goods are sold.,"coffee shop, gift shop, go shopping","store, market, boutique","home, warehouse",A1,City & Places,'Gift ___' — di?n t?: | A: hotel | B: office | C: street | D: shop | Šįp įn: D
class,kl??s,l?p h?c,noun,-,-,classes,The class starts at 8 AM.,A group of students taught together.,"English class, class room, take a class","lesson, course, session","break, holiday",A1,Education,'English ___' — di?n t?: | A: sport | B: movie | C: class | D: job | Šįp įn: C
sport,sp??rt,th? thao,noun,-,-,sports,He plays sport every weekend.,A physical activity done for exercise or fun.,"team sport, water sport, play sport","game, activity, exercise","rest, leisure",A1,Entertainment & Leisure,'Team ___' — di?n t?: | A: movie | B: sport | C: game | D: photo | Šįp įn: B
movie,'mu?vi,phim,noun,-,-,movies,Let's watch a movie tonight.,A story recorded as a film to be shown.,"watch a movie, action movie, movie star","film, picture, cinema","book, play",A1,Entertainment & Leisure,'Action ___' — di?n t?: | A: sport | B: song | C: movie | D: game | Šįp įn: C
hotel,ho?'t?l,khįch s?n,noun,-,-,hotels,We stayed at a nice hotel.,A building where guests pay to stay overnight.,"luxury hotel, hotel room, book a hotel","inn, resort, lodge","home, camp",A1,City & Places,'Luxury ___' — di?n t?: | A: shop | B: office | C: street | D: hotel | Šįp įn: D
office,'?f?s,van phņng,noun,-,-,offices,She works in a big office.,A room or building used for administrative work.,"home office, office desk, go to the office","workplace, bureau, studio","home, field",A2,City & Places,'Home ___' — di?n t?: | A: hotel | B: office | C: shop | D: class | Šįp įn: B
letter,'l?t?r,lį thu,noun,-,-,letters,She wrote a letter to her friend.,A written message sent to someone.,"write a letter, love letter, open a letter","note, message, email","email, call",A1,Greetings & Communication,'Write a ___' — di?n t?: | A: photo | B: language | C: letter | D: idea | Šįp įn: C
price,pra?s,giį c?,noun,-,-,prices,What is the price of this bag?,The amount of money needed to buy something.,"low price, high price, price tag","cost, fee, charge","free, discount",A2,Work & Money,'Low ___' — di?n t?: | A: job | B: price | C: age | D: size | Šįp įn: B
job,d??b,cōng vi?c,noun,-,-,jobs,She got a new job last month.,A paid position of employment.,"full-time job, job interview, find a job","work, career, occupation","hobby, leisure",A1,Work & Money,'Find a ___' — di?n t?: | A: price | B: photo | C: job | D: idea | Šįp įn: C
photo,'fo?to?,?nh,noun,-,-,photos,She took a photo of the sunset.,An image captured by a camera.,"take a photo, group photo, photo album","picture, image, snapshot","painting, drawing",A1,Entertainment & Leisure,'Take a ___' — di?n t?: | A: idea | B: photo | C: problem | D: place | Šįp įn: B
language,'lę?gw?d?,ngōn ng?,noun,-,-,languages,English is a global language.,A system of words used to communicate.,"learn a language, spoken language, sign language","tongue, dialect, speech","silence, gesture",A2,Greetings & Communication,'Learn a ___' — di?n t?: | A: sport | B: movie | C: language | D: hotel | Šįp įn: C
weather,'w?š?r,th?i ti?t,noun,-,-,-,The weather today is very nice.,The condition of the atmosphere at a given time.,"bad weather, warm weather, weather forecast","climate, conditions, atmosphere",—,A1,Nature & Weather,'Bad ___' — di?n t?: | A: animal | B: weather | C: idea | D: problem | Šįp įn: B
animal,'ęn?m?l,d?ng v?t,noun,-,-,animals,A dog is a friendly animal.,A living creature that is not a plant or human.,"wild animal, pet animal, animal shelter","creature, beast, wildlife","plant, human",A1,Animals,'Wild ___' — di?n t?: | A: animal | B: weather | C: idea | D: dream | Šįp įn: A
idea,a?'di??,ż tu?ng,noun,-,-,ideas,That is a great idea!,A thought or suggestion about something.,"good idea, share an idea, come up with an idea","thought, concept, plan","reality, fact",A2,Thinking & Feelings,'Good ___' — di?n t?: | A: problem | B: idea | C: way | D: place | Šįp įn: B
problem,'pr?bl?m,v?n d?,noun,-,-,problems,We have a big problem.,A matter that is difficult to deal with.,"big problem, solve a problem, no problem","issue, difficulty, challenge","solution, answer, ease",A2,Thinking & Feelings,'Solve a ___' — di?n t?: | A: idea | B: way | C: problem | D: word | Šįp įn: C
place,ple?s,noi ch?n,noun,-,-,places,This is a beautiful place.,A particular area or location.,"nice place, birth place, take place","location, spot, area","nowhere, void",A1,City & Places,'Birth ___' — di?n t?: | A: way | B: place | C: word | D: minute | Šįp įn: B
way,we?,"cįch, du?ng",noun,-,-,ways,Is this the right way?,"A method of doing something, or a route.","right way, find a way, on the way","method, route, path","dead end, obstacle",A1,Common Words,'Right ___' — di?n t?: | A: word | B: minute | C: week | D: way | Šįp įn: D
word,w??rd,t?,noun,-,-,words,What does this word mean?,A unit of language that carries meaning.,"new word, key word, in other words","term, expression, vocabulary","silence, gesture",A1,Greetings & Communication,'Key ___' — di?n t?: | A: word | B: minute | C: year | D: week | Šįp įn: A
minute,'m?n?t,phśt,noun,-,-,minutes,Please wait a minute.,A unit of time equal to 60 seconds.,"one minute, last minute, wait a minute","moment, second, instant","hour, day",A1,Numbers & Time,'Wait a ___' — di?n t?: | A: hour | B: year | C: minute | D: week | Šįp įn: C
year,j??r,nam,noun,-,-,years,I have studied English for one year.,A period of 12 months.,"last year, new year, this year","period, calendar year, decade","day, month, moment",A1,Numbers & Time,'New ___' — di?n t?: | A: week | B: year | C: day | D: age | Šįp įn: B
week,wi?k,tu?n,noun,-,-,weeks,I go to gym three times a week.,A period of seven days.,"last week, next week, every week","fortnight, period","day, year",A1,Numbers & Time,'Last ___' — di?n t?: | A: year | B: minute | C: week | D: age | Šįp įn: C
age,e?d?,tu?i,noun,-,-,ages,What is your age?,The number of years someone has lived.,"old age, middle age, age group","years, era, period","youth, infancy",A2,Numbers & Time,'Old ___' — c?m t? nąo dśng? | A: age group | B: age car | C: age tree | D: age river | Šįp įn: A
size,sa?z,kķch c?,noun,-,-,sizes,What size is this shirt?,The measurement of how big something is.,"shoe size, large size, size up","measurement, dimension, scale","shapeless, undefined",A2,Clothing & Accessories,'Shoe ___' — di?n t?: | A: age | B: size | C: color | D: number | Šįp įn: B
dream,dri?m,gi?c mo,noun,dreamed/dreamt,dreamed/dreamt,dreams,I had a strange dream last night.,Images or events experienced during sleep.,"sweet dream, dream come true, day dream","vision, aspiration, hope","reality, nightmare, wakefulness",A2,Entertainment & Leisure,'Sweet ___' — di?n t?: | A: idea | B: problem | C: dream | D: way | Šįp įn: C
smile,sma?l,m?m cu?i,verb,smiled,smiled,smiles,She smiled when she saw him.,To turn the corners of your mouth upward to show happiness.,"smile back, big smile, smile at someone","grin, beam, laugh","frown, scowl, cry",A1,Health & Body,'Smile ___' — c?m t? nąo dśng? | A: smile at someone | B: smile a house | C: smile a river | D: smile a mountain | Šįp įn: A
cry,kra?,khóc,verb,cried,cried,cries,The baby cried all night.,To shed tears because of sadness or pain.,"cry out, cry loudly, cry for help","weep, sob, wail","laugh, smile, cheer",A1,Health & Body,T? trįi nghia c?a 'cry' lą gģ? | A: weep | B: sob | C: wail | D: laugh | Šįp įn: D
laugh,l??f,cu?i l?n,verb,laughed,laughed,laughs,They laughed at the funny joke.,To make sounds showing you find something funny.,"laugh out loud, have a laugh, laugh together","chuckle, giggle, burst out laughing","cry, frown, sob",A1,Entertainment & Leisure,T? d?ng nghia c?a 'laugh' lą gģ? | A: cry | B: frown | C: giggle | D: sob | Šįp įn: C
wait,we?t,ch? d?i,verb,waited,waited,waits,Please wait here for a moment.,To stay in a place until something happens.,"wait for, wait in line, wait a moment","hold on, stay, pause","go, rush, hurry",A1,Actions & Movement,'Wait ___' — c?m t? nąo dśng? | A: wait in line | B: wait a mountain | C: wait a fire | D: wait a flower | Šįp įn: A
stop,st?p,d?ng l?i,verb,stopped,stopped,stops,Stop the car right now.,To no longer move or continue doing something.,"stop doing, stop sign, bus stop","halt, pause, end","start, go, continue",A1,Actions & Movement,T? trįi nghia c?a 'stop' lą gģ? | A: halt | B: pause | C: start | D: end | Šįp įn: C
start,st??rt,b?t d?u,verb,started,started,starts,The movie starts at 7 PM.,To begin an action or process.,"start work, fresh start, head start","begin, commence, launch","stop, end, finish",A1,Actions & Movement,T? trįi nghia c?a 'start' lą gģ? | A: begin | B: launch | C: stop | D: commence | Šįp įn: C
finish,'f?n??,hoąn thąnh,verb,finished,finished,finishes,I finished my homework.,To complete something or reach the end.,"finish line, finish work, finish early","complete, end, conclude","start, begin, continue",A1,Actions & Movement,T? d?ng nghia c?a 'finish' lą gģ? | A: begin | B: start | C: complete | D: continue | Šįp įn: C
travel,'tręv?l,du l?ch,verb,traveled,traveled,travels,She loves to travel abroad.,"To go from one place to another, usually far.","travel abroad, travel light, travel by plane","journey, trip, voyage","stay home, settle",A2,Transport & Travel,'Travel ___' — c?m t? nąo dśng? | A: travel abroad | B: travel a book | C: travel a chair | D: travel a wall | Šįp įn: A
return,r?'t??rn,tr? v?,verb,returned,returned,returns,He returned home late.,To come or go back to a place.,"return home, return ticket, point of no return","come back, go back, get back","leave, depart, go away",A2,Transport & Travel,'Return ___' — di?n t?: | A: home | B: a flower | C: a cloud | D: a star | Šįp įn: A
change,t?e?nd?,thay d?i,verb,changed,changed,changes,Things change over time.,To become different or make something different.,"make a change, climate change, change mind","alter, switch, modify","keep, maintain, stay the same",A2,Thinking & Feelings,'Climate ___' — di?n t?: | A: idea | B: change | C: dream | D: problem | Šįp įn: B
choose,t?u?z,l?a ch?n,verb,chose,chosen,chooses,You can choose any color you like.,To pick one from several options.,"choose carefully, hard to choose, choose wisely","select, pick, decide on","reject, refuse, ignore",A2,Thinking & Feelings,T? d?ng nghia c?a 'choose' lą gģ? | A: reject | B: refuse | C: select | D: ignore | Šįp įn: C
use,ju?z,s? d?ng,verb,used,used,uses,Can I use your pen?,To put something into service or action.,"use correctly, make use of, use up","employ, apply, utilize","misuse, waste, abandon",A1,Thinking & Feelings,'Make ___ of' — di?n t?: | A: use | B: find | C: know | D: ask | Šįp įn: A
watch,w?t?,"xem, nhģn",verb,watched,watched,watches,I like to watch movies.,To look at something for a period of time.,"watch TV, watch out, watch carefully","observe, look at, view","ignore, overlook, miss",A1,Thinking & Feelings,'Watch ___' — t? nąo phł h?p? | A: a cloud | B: TV | C: a flower | D: a mountain | Šįp įn: B
learn,l??rn,h?c,verb,learned,learned,learns,Children learn quickly.,To gain knowledge or a skill through experience.,"learn English, learn by heart, learn from","study, acquire, pick up","forget, unlearn, ignore",A1,Education,'Learn by ___' — di?n t?: | A: mind | B: eye | C: heart | D: hand | Šįp įn: C
tell,t?l,"k?, nói",verb,told,told,tells,Please tell me the answer.,To communicate information to someone.,"tell a story, tell the truth, tell someone","say, inform, explain","hide, keep secret, listen",A1,Greetings & Communication,'Tell a ___' — c?m t? nąo dśng? | A: tell a story | B: tell a mountain | C: tell a flower | D: tell a rain | Šįp įn: A
show,?o?,"ch?, cho xem",verb,showed,shown,shows,Show me your passport please.,To let someone see something.,"show off, art show, show up","display, demonstrate, reveal","hide, conceal, cover",A1,Thinking & Feelings,T? d?ng nghia c?a 'show' lą gģ? | A: hide | B: conceal | C: display | D: cover | Šįp įn: C
bring,br??,mang d?n,verb,brought,brought,brings,Bring your umbrella today.,To carry something to a place.,"bring along, bring back, bring up","carry, fetch, deliver","take away, remove, leave",A1,Actions & Movement,'Bring ___' — c?m t? nąo dśng? | A: bring along | B: bring a mountain | C: bring a river | D: bring a sky | Šįp įn: A
keep,ki?p,gi?,verb,kept,kept,keeps,"Keep the change, please.",To continue doing or having something.,"keep safe, keep going, keep in touch","hold, maintain, retain","give away, lose, release",A1,Actions & Movement,'Keep ___' — c?m t? nąo dśng? | A: keep going | B: keep a river | C: keep a mountain | D: keep a rain | Šįp įn: A
move,mu?v,di chuy?n,verb,moved,moved,moves,The car moved slowly.,To go from one place to another.,"move out, move in, keep moving","shift, transfer, relocate","stay, stop, remain",A1,Actions & Movement,T? d?ng nghia c?a 'move' lą gģ? | A: stay | B: stop | C: remain | D: shift | Šįp įn: D
pay,pe?,tr? ti?n,verb,paid,paid,pays,I will pay for dinner tonight.,To give money in exchange for something.,"pay attention, pay back, pay in cash","spend, settle, foot the bill","receive, earn, owe",A2,Work & Money,'Pay ___' — c?m t? nąo dśng? | A: pay attention | B: pay a river | C: pay a mountain | D: pay a cloud | Šįp įn: A
dirty,'d??rti,b?n,adjective,-,-,-,His hands were very dirty.,Not clean; covered in dirt.,"get dirty, dirty clothes, dirty water","filthy, messy, muddy","clean, spotless, tidy",A1,Descriptive Words,T? trįi nghia c?a 'dirty' lą gģ? | A: filthy | B: messy | C: clean | D: muddy | Šįp įn: C
sick,s?k,b?nh,adjective,-,-,-,She stayed home because she was sick.,Not well; suffering from illness.,"feel sick, very sick, sick leave","ill, unwell, poorly","healthy, well, fit",A1,Health & Body,'Feel ___' — di?n t?: | A: healthy | B: strong | C: sick | D: safe | Šįp įn: C
healthy,'h?l?i,kh?e m?nh,adjective,-,-,-,Eating vegetables keeps you healthy.,Having good physical condition.,"stay healthy, healthy diet, healthy lifestyle","fit, well, active","sick, ill, unhealthy",A1,Health & Body,T? trįi nghia c?a 'healthy' lą gģ? | A: fit | B: well | C: sick | D: active | Šįp įn: C
safe,se?f,an toąn,adjective,-,-,-,Is this road safe to walk on?,Protected from danger or harm.,"feel safe, safe place, safe journey","secure, protected, harmless","dangerous, unsafe, risky",A2,Descriptive Words,T? trįi nghia c?a 'safe' lą gģ? | A: secure | B: dangerous | C: protected | D: harmless | Šįp įn: B
dangerous,'de?nd??r?s,nguy hi?m,adjective,-,-,-,Driving fast is very dangerous.,Likely to cause harm or injury.,"very dangerous, dangerous road, dangerous animal","risky, unsafe, hazardous","safe, secure, harmless",A2,Descriptive Words,T? trįi nghia c?a 'dangerous' lą gģ? | A: risky | B: hazardous | C: safe | D: unsafe | Šįp įn: C
rich,r?t?,giąu có,adjective,-,-,-,She comes from a rich family.,Having a lot of money or valuable possessions.,"get rich, rich family, filthy rich","wealthy, affluent, well-off","poor, broke, needy",A2,Work & Money,T? trįi nghia c?a 'rich' lą gģ? | A: wealthy | B: affluent | C: poor | D: well-off | Šįp įn: C
poor,p??r,nghčo,adjective,-,-,-,Many poor families need support.,Having little or no money.,"poor family, very poor, poor condition","needy, broke, destitute","rich, wealthy, affluent",A2,Work & Money,T? trįi nghia c?a 'poor' lą gģ? | A: needy | B: broke | C: rich | D: destitute | Šįp įn: C
long,l??,dąi,adjective,-,-,-,She has long hair.,Having great length or duration.,"long road, long time, how long","lengthy, extended, prolonged","short, brief, quick",A1,Descriptive Words,T? trįi nghia c?a 'long' lą gģ? | A: lengthy | B: extended | C: short | D: prolonged | Šįp įn: C
wide,wa?d,r?ng,adjective,-,-,-,The road is very wide here.,Having a large distance from side to side.,"wide road, wide open, wide range","broad, large, spacious","narrow, thin, tight",A2,Descriptive Words,T? trįi nghia c?a 'wide' lą gģ? | A: broad | B: spacious | C: large | D: narrow | Šįp įn: D
heavy,'h?vi,n?ng,adjective,-,-,-,This bag is too heavy to carry.,Having great weight.,"heavy rain, too heavy, heavy traffic","weighty, massive, bulky","light, featherweight",A2,Descriptive Words,T? trįi nghia c?a 'heavy' lą gģ? | A: weighty | B: massive | C: light | D: bulky | Šįp įn: C
late,le?t,"mu?n, tr?",adjective,-,-,-,"Sorry, I am late today.",After the expected or usual time.,"arrive late, late night, better late than never","overdue, behind, delayed","early, on time, punctual",A1,Descriptive Words,T? trįi nghia c?a 'late' lą gģ? | A: overdue | B: delayed | C: early | D: behind | Šįp įn: C
early,'??rli,s?m,adjective,-,-,-,She woke up early this morning.,Before the expected or usual time.,"early morning, wake up early, early bird","ahead, prompt, timely","late, overdue, delayed",A1,Descriptive Words,'Early ___' — c?m t? nąo dśng? | A: early bird | B: early river | C: early mountain | D: early sea | Šįp įn: A
right,ra?t,"dśng, ph?i",adjective,-,-,-,That is the right answer.,Correct or on the correct side.,"right now, right side, all right","correct, accurate, true","wrong, incorrect, left",A1,Descriptive Words,'All ___' — di?n t?: | A: wrong | B: left | C: right | D: correct | Šįp įn: C
left,l?ft,trįi,adjective,-,-,-,Turn left at the traffic light.,On or toward the side of the body that faces west.,"turn left, left side, left hand",—,right,A1,Descriptive Words,T? trįi nghia c?a 'left' lą gģ? | A: left hand | B: right | C: left side | D: turn left | Šįp įn: B
full,f?l,"no, d?y",adjective,-,-,-,"I am full, I can't eat anymore.",Containing as much as possible; having eaten enough.,"full of, feel full, full moon","complete, packed, stuffed","empty, hungry, hollow",A1,Food & Drink,T? trįi nghia c?a 'full' lą gģ? | A: complete | B: packed | C: empty | D: stuffed | Šįp įn: C
empty,'?mpti,r?ng,adjective,-,-,-,The bottle is empty.,Containing nothing; having no one inside.,"empty space, run empty, empty stomach","hollow, vacant, bare","full, packed, occupied",A1,Descriptive Words,T? trįi nghia c?a 'empty' lą gģ? | A: hollow | B: vacant | C: full | D: bare | Šįp įn: C
same,se?m,gi?ng nhau,adjective,-,-,-,We have the same opinion.,Identical; not different.,"same time, same place, feel the same","identical, alike, equal","different, opposite, unique",A1,Descriptive Words,T? trįi nghia c?a 'same' lą gģ? | A: identical | B: alike | C: equal | D: different | Šįp įn: D
different,'d?fr?nt,khįc nhau,adjective,-,-,-,We have very different ideas.,Not the same as another.,"very different, look different, think different","unlike, distinct, varied","same, identical, similar",A1,Descriptive Words,T? d?ng nghia c?a 'different' lą gģ? | A: same | B: identical | C: distinct | D: equal | Šįp įn: C
together,t?'g?š?r,cłng nhau,adverb,-,-,-,We work better together.,With another person or people.,"work together, stay together, together with","jointly, collectively, as one","alone, separately, apart",A1,Family & Relationships,T? trįi nghia c?a 'together' lą gģ? | A: jointly | B: alone | C: collectively | D: as one | Šįp įn: B
again,?'g?n,"l?i, m?t l?n n?a",adverb,-,-,-,Please say that again.,Once more; another time.,"try again, do it again, come back again","once more, anew","never again, once",A1,Common Words,'Try ___' — di?n t?: | A: maybe | B: also | C: again | D: here | Šįp įn: C
also,'??lso?,cung,adverb,-,-,-,I also like coffee.,In addition; too.,"also known as, I also, not only…but also","too, as well, additionally","neither, nor, exclude",A1,Common Words,'Also' có nghia lą gģ? | A: Khōng bao gi? | B: Có l? | C: Cung | D: Luōn luōn | Šįp įn: C
here,h??r,? dāy,adverb,-,-,-,"Come here, please.",In or to this place.,"right here, over here, here and there","in this place, at this spot","there, away, elsewhere",A1,City & Places,'Come ___' — di?n t?: | A: there | B: here | C: now | D: also | Šįp įn: B
there,š??r,? dó,adverb,-,-,-,Put the bag over there.,In or to that place.,"over there, right there, here and there","at that place, yonder","here, nearby",A1,City & Places,T? trįi nghia c?a 'there' lą gģ? | A: over there | B: yonder | C: here | D: that place | Šįp įn: C
now,na?,bāy gi?,adverb,-,-,-,I am busy right now.,At the present time.,"right now, by now, now and then","currently, at present, today","later, then, before",A1,Numbers & Time,'Right ___' — di?n t?: | A: maybe | B: also | C: again | D: now | Šįp įn: D
today,t?'de?,hōm nay,adverb,-,-,-,Today is a beautiful day.,On this current day.,"today morning, earlier today, later today","this day, currently","yesterday, tomorrow",A1,Numbers & Time,'Today' có nghia lą gģ? | A: Hōm qua | B: Ngąy mai | C: Hōm nay | D: Tu?n t?i | Šįp įn: C
yesterday,'j?st?rde?,hōm qua,adverb,-,-,-,I met her yesterday.,The day before today.,"just yesterday, yesterday morning, yesterday evening",the day before,"today, tomorrow",A1,Numbers & Time,T? trįi nghia c?a 'yesterday' lą gģ? | A: today | B: now | C: tomorrow | D: this day | Šįp įn: C
tomorrow,t?'m?ro?,ngąy mai,adverb,-,-,-,See you tomorrow!,The day after today.,"tomorrow morning, see you tomorrow, tomorrow night","the next day, day after","today, yesterday",A1,Numbers & Time,'See you ___' — di?n t?: | A: yesterday | B: today | C: now | D: tomorrow | Šįp įn: D
maybe,'me?bi,có l?,adverb,-,-,-,Maybe I will come to the party.,Possibly; used when unsure.,"maybe not, maybe so, maybe later","perhaps, possibly, probably","definitely, certainly, never",A1,Thinking & Feelings,'Maybe' có nghia lą gģ? | A: Ch?c ch?n | B: Khōng bao gi? | C: Luōn luōn | D: Có l? | Šįp įn: D
map,męp,b?n d?,noun,-,-,maps,Can you show me on the map?,A diagram showing the layout of an area.,"world map, road map, map out","chart, plan, guide",—,A1,Transport & Travel,'World ___' — di?n t?: | A: test | B: game | C: map | D: message | Šįp įn: C
test,t?st,bąi ki?m tra,noun,-,-,tests,She passed her English test.,A set of questions to measure knowledge.,"take a test, pass a test, test result","exam, quiz, assessment","answer, solution",A1,Education,'Pass a ___' — di?n t?: | A: game | B: test | C: map | D: picture | Šįp įn: B
game,ge?m,trņ choi,noun,-,-,games,Let's play a board game tonight.,An activity done for fun with rules.,"video game, board game, team game","play, match, sport","work, study, task",A1,Entertainment & Leisure,'Video ___' — di?n t?: | A: test | B: map | C: game | D: message | Šįp įn: C
message,'m?s?d?,tin nh?n,noun,-,-,messages,I sent her a message this morning.,A written or spoken piece of information.,"send a message, text message, leave a message","note, text, email","call, silence",A2,Greetings & Communication,'Text ___' — di?n t?: | A: picture | B: message | C: map | D: test | Šįp įn: B
picture,'p?kt??r,b?c tranh,noun,-,-,pictures,She drew a beautiful picture.,"A drawing, painting, or photograph.","draw a picture, take a picture, picture book","image, photo, illustration","blank, emptiness",A1,Entertainment & Leisure,'Draw a ___' — di?n t?: | A: game | B: test | C: picture | D: message | Šįp įn: C
internet,'?nt?r?n?t,internet,noun,-,-,-,I use the internet every day.,A global network connecting millions of computers worldwide.,"browse the internet, internet connection, internet speed","web, network, online",offline,A2,Technology,'Internet' có nghia lą gģ? | A: Ši?n tho?i | B: Internet | C: Mįy in | D: Mąn hģnh | Šįp įn: B
email,'i?me?l,thu di?n t?,noun,-,-,emails,Please send me an email.,A system for sending messages electronically over the internet.,"send an email, reply to email, email address","message, mail, correspondence","letter, post",A2,Technology,T? nąo d?ng nghia v?i 'email'? | A: book | B: message | C: call | D: photo | Šįp įn: B
website,'w?bsa?t,trang web,noun,-,-,websites,Visit our website for more info.,A set of related web pages located under a single domain name.,"visit a website, official website, website design","web page, site, portal",—,A2,Technology,'Website' có nghia lą gģ? | A: Trang web | B: Email | C: Ph?n m?m | D: Mįy tķnh | Šįp įn: A
password,'pęsw??rd,m?t kh?u,noun,-,-,passwords,Enter your password to log in.,A secret word or phrase used to gain access to a system.,"set a password, strong password, forgot password","PIN, passcode, code",—,A2,Technology,'Password' có nghia lą gģ? | A: Mąn hģnh | B: M?t kh?u | C: Tźn dang nh?p | D: Tąi kho?n | Šįp įn: B
download,'da?nlo?d,t?i xu?ng,verb,downloaded,downloaded,downloads,I downloaded the app on my phone.,To copy data from the internet to your own device.,"download a file, download speed, free download","install, save, transfer",upload,A2,Technology,Trįi nghia c?a 'download' lą gģ? | A: install | B: save | C: upload | D: transfer | Šįp įn: C
elephant,'?l?f?nt,con voi,noun,-,-,elephants,The elephant is very large.,"The largest land animal, known for its long trunk and tusks.","baby elephant, elephant trunk, elephant herd",—,—,A1,Animals,'Elephant' có nghia lą gģ? | A: Con mčo | B: Con voi | C: Con chó | D: Con bņ | Šįp įn: B
tiger,'ta?g?r,con h?,noun,-,-,tigers,The tiger is a wild animal.,A large wild cat with orange and black stripes.,"wild tiger, tiger stripe, paper tiger","big cat, feline",—,A1,Animals,'Tiger' có nghia lą gģ? | A: Con su t? | B: Con g?u | C: Con h? | D: Con sói | Šįp įn: C
rabbit,'ręb?t,con th?,noun,-,-,rabbits,The rabbit ran across the field.,A small furry mammal with long ears and a short tail.,"pet rabbit, rabbit hole, wild rabbit","bunny, hare",—,A1,Animals,'Rabbit' có nghia lą gģ? | A: Con mčo | B: Con th? | C: Con chu?t | D: Con chim | Šįp įn: B
yellow,'j?lo?,mąu vąng,adjective,-,-,-,The sun is yellow.,"The color of gold, butter, or ripe lemons.","bright yellow, yellow light, yellow card","golden, amber, lemon",—,A1,Colors,'Yellow' có nghia lą gģ? | A: Mąu d? | B: Mąu xanh | C: Mąu vąng | D: Mąu tķm | Šįp įn: C
white,wa?t,mąu tr?ng,adjective,-,-,-,She wore a white dress.,"The lightest color, like snow or milk.","snow white, white shirt, white noise","ivory, pale, cream","black, dark",A1,Colors,Mąu 'white' lą mąu gģ? | A: Mąu den | B: Mąu tr?ng | C: Mąu xįm | D: Mąu nāu | Šįp įn: B
black,blęk,mąu den,adjective,-,-,-,He has black hair.,"The darkest color, like night or coal.","jet black, black hole, black market","dark, ebony","white, bright",A1,Colors,T? trįi nghia c?a 'black' lą gģ? | A: dark | B: ebony | C: white | D: grey | Šįp įn: C
orange,'??r?nd?,mąu cam,adjective,-,-,-,The pumpkin is orange.,A bright warm color between red and yellow.,"bright orange, orange light, orange sky","amber, tangerine",—,A1,Colors,'Orange' có nghia lą gģ khi dłng ląm mąu s?c? | A: Mąu tķm | B: Mąu cam | C: Mąu vąng | D: Mąu h?ng | Šįp įn: B
pink,p??k,mąu h?ng,adjective,-,-,-,She likes pink flowers.,A pale red color.,"light pink, hot pink, think pink","rose, blush, fuchsia",—,A1,Colors,'Pink' có nghia lą gģ? | A: Mąu xanh | B: Mąu vąng | C: Mąu h?ng | D: Mąu d? | Šįp įn: C
dress,dr?s,vįy d?m,noun,-,-,dresses,She wore a red dress.,A one-piece garment for women that covers the body and extends over the legs.,"wear a dress, summer dress, dress code","gown, frock, outfit",—,A1,Clothing & Accessories,'Dress' có nghia lą gģ? | A: Įo so mi | B: Qu?n | C: Vįy d?m | D: Įo khoįc | Šįp įn: C
jacket,'d?ęk?t,įo khoįc,noun,-,-,jackets,He put on his jacket before going out.,A short coat worn over other clothing.,"leather jacket, wear a jacket, jacket pocket","coat, blazer, cardigan",—,A1,Clothing & Accessories,'Jacket' có nghia lą gģ? | A: Įo so mi | B: Įo khoįc | C: Qu?n short | D: Mu | Šįp įn: B
hat,hęt,cįi mu,noun,-,-,hats,He wears a hat in the sun.,"A covering for the head, often with a brim.","wear a hat, straw hat, baseball hat","cap, bonnet, headwear",—,A1,Clothing & Accessories,'Hat' có nghia lą gģ? | A: Giąy | B: Cįi mu | C: Cįi tśi | D: Cįi vņng | Šįp įn: B
glasses,'glęs?z,kķnh m?t,noun,-,-,-,She wears glasses to read.,A pair of lenses in a frame worn in front of the eyes to correct vision.,"wear glasses, reading glasses, sunglasses","spectacles, eyewear, lenses",—,A2,Clothing & Accessories,'Glasses' du?c dłng d? ląm gģ? | A: Che mua | B: Š?c sįch | C: Ch?nh th? l?c | D: C? B vą C | Šįp įn: D
fruit,fru?t,trįi cāy,noun,-,-,fruits,I eat fruit every morning.,The sweet or sour produce of a plant that contains seeds.,"fresh fruit, tropical fruit, fruit juice","produce, harvest",vegetable,A1,Food & Drink,'Fruit' có nghia lą gģ? | A: Rau c? | B: Trįi cāy | C: Th?t | D: Ngu c?c | Šįp įn: B
vegetable,'v?d?t?b?l,rau c?,noun,-,-,vegetables,Eat more vegetables for good health.,A plant or part of a plant used as food.,"fresh vegetables, green vegetables, vegetable soup","greens, produce, plant","meat, fruit",A1,Food & Drink,'Vegetable' có nghia lą gģ? | A: Trįi cāy | B: Th?t | C: Rau c? | D: Bįnh | Šįp įn: C
soup,su?p,sśp / canh,noun,-,-,soups,She made a bowl of soup.,"A liquid dish made by cooking meat, vegetables, or other ingredients in water.","chicken soup, tomato soup, bowl of soup","broth, stew, bisque",—,A1,Food & Drink,'Soup' có nghia lą gģ? | A: Bįnh mģ | B: Sśp / Canh | C: Com | D: Mģ | Šįp įn: B
sugar,'??g?r,du?ng,noun,-,-,-,I add sugar to my coffee.,A sweet crystalline substance used to sweeten food and drinks.,"add sugar, brown sugar, sugar cane","sweetener, glucose",salt,A1,Food & Drink,T? trįi nghia ph? bi?n c?a 'sugar' khi nói v? v? lą gģ? | A: sweet | B: bitter | C: salt | D: sour | Šįp įn: C
salt,s??lt,mu?i,noun,-,-,-,Please pass me the salt.,A white crystalline substance used to season or preserve food.,"add salt, sea salt, salt and pepper","seasoning, sodium",sugar,A1,Food & Drink,'Salt' có nghia lą gģ? | A: Šu?ng | B: Mu?i | C: Tiźu | D: D?u | Šįp įn: B
meat,mi?t,th?t,noun,-,-,meats,We had grilled meat for dinner.,The flesh of an animal used as food.,"fresh meat, grilled meat, red meat","flesh, protein, beef",vegetable,A1,Food & Drink,'Meat' có nghia lą gģ? | A: Rau | B: Cį | C: Th?t | D: Tr?ng | Šįp įn: C
bed,b?d,cįi giu?ng,noun,-,-,beds,I go to bed at 10 PM.,A piece of furniture for sleeping or resting on.,"go to bed, make the bed, bed time","cot, bunk, mattress",—,A1,Home & Daily Life,'Bed' có nghia lą gģ? | A: Cįi bąn | B: Cįi gh? | C: Cįi giu?ng | D: Cįi t? | Šįp įn: C
kitchen,'k?t??n,nhą b?p,noun,-,-,kitchens,She cooks in the kitchen.,A room where food is prepared and cooked.,"kitchen table, open kitchen, kitchen sink","cooking area, galley",—,A1,Home & Daily Life,'Kitchen' lą noi dłng d? ląm gģ? | A: Ng? | B: N?u an | C: T?m | D: H?c bąi | Šįp įn: B
bathroom,'bę?ru?m,phņng t?m,noun,-,-,bathrooms,The bathroom is next to the bedroom.,"A room containing a bath or shower, and usually a toilet.","use the bathroom, clean the bathroom, bathroom mirror","washroom, restroom, toilet",—,A1,Home & Daily Life,'Bathroom' có nghia lą gģ? | A: Phņng ng? | B: Phņng khįch | C: Nhą b?p | D: Phņng t?m | Šįp įn: D
mirror,'m?r?r,guong,noun,-,-,mirrors,She looked in the mirror.,"A surface that reflects a clear image, usually made of glass.","look in the mirror, rear mirror, mirror image","reflection, glass",—,A2,Home & Daily Life,'Mirror' có nghia lą gģ? | A: C?a s? | B: Guong | C: Tranh | D: Ščn | Šįp įn: B
nose,no?z,cįi mui,noun,-,-,noses,My nose is running.,The part of the face used for smelling and breathing.,"runny nose, blow your nose, nose job","snout, nasal",—,A1,Health & Body,'Nose' có nghia lą gģ? | A: Tai | B: M?t | C: Mui | D: Mi?ng | Šįp įn: C
mouth,ma??,cįi mi?ng,noun,-,-,mouths,Open your mouth wide.,The opening in the face used for eating and speaking.,"open your mouth, shut your mouth, word of mouth","lips, oral",—,A1,Health & Body,'Mouth' có nghia lą gģ? | A: Mui | B: Tai | C: M?t | D: Mi?ng | Šįp įn: D
ear,??r,cįi tai,noun,-,-,ears,She whispered in my ear.,The organ of hearing on the side of the head.,"listen with ears, ear infection, keep an ear out",—,—,A1,Health & Body,'Ear' có nghia lą gģ? | A: M?t | B: Mui | C: Tai | D: Mi?ng | Šįp įn: C
tooth,tu??,cįi rang,noun,-,-,teeth,Brush your teeth twice a day.,One of the hard white structures in the mouth used for biting and chewing.,"brush teeth, tooth pain, sweet tooth","fang, molar",—,A1,Health & Body,'Tooth' có nghia lą gģ? | A: Mōi | B: Lu?i | C: Rang | D: Nu?u | Šįp įn: C
leg,l?g,cįi chān,noun,-,-,legs,He broke his leg.,One of the limbs of the body used for standing and walking.,"break a leg, stretch your legs, leg room","limb, lower limb",arm,A1,Health & Body,'Leg' có nghia lą gģ? | A: Tay | B: Chān | C: Lung | D: Ng?c | Šįp įn: B
university,?ju?n?'v??rs?ti,tru?ng d?i h?c,noun,-,-,universities,She studies at a university.,An institution of higher education offering undergraduate and postgraduate degrees.,"go to university, top university, university degree","college, institution, academy",school,A2,Education,'University' có nghia lą gģ? | A: Tru?ng m?u giįo | B: Tru?ng ti?u h?c | C: Tru?ng trung h?c | D: Tru?ng d?i h?c | Šįp įn: D
exam,?g'zęm,k? thi,noun,-,-,exams,I have an exam tomorrow.,A formal test of knowledge or ability.,"take an exam, pass an exam, final exam","test, assessment, evaluation",—,A2,Education,'Exam' có nghia lą gģ? | A: Bąi t?p | B: K? thi | C: L?p h?c | D: Sįch giįo khoa | Šįp įn: B
homework,'ho?mw??rk,bąi t?p v? nhą,noun,-,-,-,I finished my homework.,School work that a student is required to do at home.,"do homework, finish homework, homework assignment","assignment, task, schoolwork",—,A1,Education,'Homework' có nghia lą gģ? | A: Vi?c nhą | B: Bąi t?p v? nhą | C: Sįch giįo khoa | D: Ši?m s? | Šįp įn: B
library,'la?br?ri,thu vi?n,noun,-,-,libraries,She borrowed books from the library.,A building or room where books and other materials are kept for reading or borrowing.,"public library, visit the library, library card","archive, reading room",—,A2,Education,'Library' có nghia lą gģ? | A: Hi?u sįch | B: Thu vi?n | C: L?p h?c | D: Van phņng | Šįp įn: B
salary,'sęl?ri,luong,noun,-,-,salaries,He gets a good salary.,A fixed amount of money paid to an employee regularly for their work.,"high salary, monthly salary, salary raise","wage, pay, income",—,A2,Work & Money,'Salary' có nghia lą gģ? | A: Chi phķ | B: Thu? | C: Luong | D: Ti?n thu?ng | Šįp įn: C
bank,bę?k,ngān hąng,noun,-,-,banks,I go to the bank every Friday.,A financial institution that keeps money and offers loans.,"open a bank account, go to the bank, bank transfer","financial institution, credit union",—,A2,Work & Money,'Bank' có nghia lą gģ? | A: Ch? | B: Ngān hąng | C: Buu di?n | D: Siźu th? | Šįp įn: B
meeting,'mi?t??,cu?c h?p,noun,-,-,meetings,We have a meeting at 9 AM.,An occasion when people come together to discuss something.,"hold a meeting, attend a meeting, business meeting","conference, gathering, session",—,A2,Work & Money,'Meeting' có nghia lą gģ? | A: Ti?c | B: Cu?c h?p | C: Bu?i hņa nh?c | D: L?p h?c | Šįp įn: B
airplane,'?rple?n,mįy bay,noun,-,-,airplanes,We took an airplane to Paris.,A powered flying vehicle with wings.,"take an airplane, airplane ticket, airplane seat","aircraft, plane, jet",—,A1,Transport & Travel,'Airplane' có nghia lą gģ? | A: Xe l?a | B: Tąu thuy?n | C: Mįy bay | D: Xe bużt | Šįp įn: C
passport,'pęsp??rt,h? chi?u,noun,-,-,passports,Show your passport at the border.,An official government document for international travel.,"valid passport, check passport, passport control","travel document, ID",—,A2,Transport & Travel,'Passport' có nghia lą gģ? | A: Vé tąu | B: B?n d? | C: H? chi?u | D: Th? can cu?c | Šįp įn: C
hotel,ho?'t?l,khįch s?n,noun,-,-,hotels,We stayed in a nice hotel.,A building providing paid accommodation and meals.,"book a hotel, five-star hotel, hotel room","inn, lodge, resort",—,A1,Transport & Travel,T? d?ng nghia c?a 'hotel' lą gģ? | A: house | B: inn | C: school | D: office | Šįp įn: B
concert,'k?ns?rt,bu?i hņa nh?c,noun,-,-,concerts,I went to a concert last night.,A live performance of music before an audience.,"attend a concert, live concert, rock concert","show, performance, gig",—,A2,Entertainment & Leisure,'Concert' có nghia lą gģ? | A: B? phim | B: Bu?i hņa nh?c | C: Trņ choi | D: Tri?n lćm | Šįp įn: B
hobby,'h?bi,s? thķch,noun,-,-,hobbies,My hobby is painting.,An activity done regularly in one's leisure time for pleasure.,"take up a hobby, favorite hobby, hobby class","interest, pastime, activity","work, duty",A2,Entertainment & Leisure,'Hobby' có nghia lą gģ? | A: Cōng vi?c | B: S? thķch | C: Mōn h?c | D: Ngh? nghi?p | Šįp įn: B
vacation,ve?'ke???n,k? ngh?,noun,-,-,vacations,We went on vacation to the beach.,A period of time spent away from work or school for rest and travel.,"go on vacation, summer vacation, vacation trip","holiday, break, trip",work,A2,Entertainment & Leisure,'Vacation' có nghia lą gģ? | A: Cu?c h?p | B: K? ngh? | C: Cōng vi?c | D: Bu?i h?c | Šįp įn: B
earthquake,'??r?kwe?k,d?ng d?t,noun,-,-,earthquakes,There was a big earthquake in Japan.,A sudden violent shaking of the ground caused by movements in the earth's crust.,"major earthquake, earthquake damage, earthquake zone","tremor, quake, seismic event",—,A2,Nature & Weather,'Earthquake' có nghia lą gģ? | A: Bćo | B: Lu l?t | C: Š?ng d?t | D: Nśi l?a | Šįp įn: C
flood,fl?d,lu l?t,noun,-,-,floods,The flood destroyed many homes.,An overflow of water that submerges land.,"flash flood, flood warning, flood damage","inundation, overflow, deluge",drought,A2,Nature & Weather,T? trįi nghia c?a 'flood' lą gģ? | A: rain | B: drought | C: storm | D: river | Šįp įn: B
forest,'f??r?st,r?ng,noun,-,-,forests,The forest is full of wildlife.,A large area of land covered with trees.,"tropical forest, deep forest, forest fire","woodland, jungle, woods","desert, city",A1,Nature & Weather,'Forest' có nghia lą gģ? | A: Š?ng c? | B: Sa m?c | C: R?ng | D: Š?i duong | Šįp įn: C
storm,st??rm,bćo,noun,-,-,storms,A big storm hit the coast.,A violent disturbance of the atmosphere with strong wind and rain.,"thunderstorm, storm warning, weather storm","tempest, hurricane, typhoon","calm, sunshine",A2,Nature & Weather,'Storm' có nghia lą gģ? | A: Gió nh? | B: Mua phłn | C: Bćo | D: Suong mł | Šįp įn: C
angry,'ę?gri,t?c gi?n,adjective,-,-,-,He was angry at the result.,Feeling or showing strong annoyance or displeasure.,"feel angry, get angry, angry voice","furious, mad, irritated","calm, happy, peaceful",A1,Thinking & Feelings,T? trįi nghia c?a 'angry' lą gģ? | A: furious | B: calm | C: mad | D: irritated | Šįp įn: B
